Ticker,Bond_ID,CF,Year
TYH2016,US912828B667,0.8009,2016
TYM2016,US912828B667,0.806,2016
TYU2016,US9128282A70,0.6714,2016
TYZ2016,US9128282A70,0.6777,2016
FVH2016,US912828L328,0.8228,2016
FVM2016,US912828L328,0.8317,2016
FVU2016,US9128282F67,0.7951,2016
FVZ2016,US9128282F67,0.8041,2016
TUH2016,US912828G799,0.9181,2016
TUM2016,US912828J686,0.9181,2016
TUU2016,US9128282C37,0.9063,2016
TUZ2016,US912828A347,0.9152,2016
TYH2016,US912828D564,0.7668,2016
TYM2016,US912828D564,0.7723,2016
TYU2016,US9128282D10,0.7463,2016
TYZ2016,US9128282D10,0.7541,2016
FVH2016,US912828L658,0.8199,2016
FVM2016,US912828L658,0.8287,2016
FVU2016,US912828M987,0.8408,2016
FVZ2016,US912828P873,0.8226,2016
TUH2016,US912828H375,0.9122,2016
TUM2016,US912828K254,0.9101,2016
TUU2016,US912828K825,0.9107,2016
TUZ2016,US912828A750,0.9164,2016
TYH2016,US912828G385,0.7531,2016
TYM2016,US912828G385,0.7587,2016
TYU2016,US912828B667,0.8111,2016
TYZ2016,US912828B667,0.8164,2016
FVH2016,US912828L997,0.817,2016
FVM2016,US912828L997,0.8258,2016
FVU2016,US912828N480,0.8426,2016
FVZ2016,US912828Q376,0.8241,2016
TUH2016,US912828H946,0.9107,2016
TUM2016,US912828Q459,0.916,2016
TUU2016,US912828L401,0.9071,2016
TUZ2016,US912828L401,0.9181,2016
TYH2016,US912828J272,0.7307,2016
TYM2016,US912828J272,0.7367,2016
TYU2016,US912828D564,0.7779,2016
TYZ2016,US912828D564,0.7836,2016
FVH2016,US912828M987,0.8242,2016
FVM2016,US912828M987,0.8324,2016
FVU2016,US912828N894,0.8258,2016
FVZ2016,US912828Q780,0.8258,2016
TUH2016,US912828J686,0.9071,2016
TUM2016,US912828Q947,0.9101,2016
TUU2016,US912828R937,0.9119,2016
TUZ2016,US912828L815,0.9122,2016
TYH2016,US912828K742,0.7191,2016
TYM2016,US912828K742,0.7249,2016
TYU2016,US912828G385,0.7645,2016
TYZ2016,US912828G385,0.7702,2016
FVH2016,US912828N480,0.8265,2016
FVM2016,US912828N480,0.8345,2016
FVU2016,US912828P873,0.8133,2016
FVZ2016,US912828R770,0.8228,2016
TUH2016,US912828N555,0.9181,2016
TUM2016,US912828R515,0.9085,2016
TUU2016,US912828RE27,0.9196,2016
TUZ2016,US912828M649,0.9152,2016
TYH2016,US912828L575,0.774,2016
TYM2016,US912828M565,0.7367,2016
TYU2016,US912828J272,0.7426,2016
TYZ2016,US912828J272,0.7488,2016
FVH2016,US912828N894,0.8084,2016
FVM2016,US912828N894,0.817,2016
FVU2016,US912828Q376,0.8151,2016
FVZ2016,US912828S273,0.8102,2016
TUH2016,US912828P204,0.9101,2016
TUM2016,US912828R937,0.9001,2016
TUU2016,US912828RH57,0.914,2016
TUZ2016,US912828N225,0.9117,2016
TYH2016,US912828M490,0.7807,2016
TYM2016,US912828N308,0.7939,2016
TYU2016,US912828K742,0.7307,2016
TYZ2016,US912828K742,0.7367,2016
FVH2016,US912828P873,0.7951,2016
FVM2016,US912828P873,0.8041,2016
FVU2016,US912828Q780,0.817,2016
FVZ2016,US912828S760,0.8071,2016
TUH2016,US912828Q459,0.9047,2016
TUM2016,US912828UU22,0.914,2016
TUU2016,US912828S687,0.9101,2016
TUZ2016,US912828RH57,0.9242,2016
TYH2016,US912828M565,0.7314,2016
TYM2016,US912828P386,0.774,2016
TYU2016,US912828M565,0.7421,2016
TYZ2016,US912828M565,0.7475,2016
FVH2016,US912828Q376,0.7974,2016
FVM2016,US912828Q376,0.8062,2016
FVU2016,US912828R770,0.8141,2016
FVZ2016,US912828T347,0.8011,2016
TUH2016,US912828UE89,0.914,2016
TUM2016,US912828UZ19,0.908,2016
TUU2016,US912828T420,0.9024,2016
TUZ2016,US912828T420,0.914,2016
TYH2016,US912828M805,0.7873,2016
TYM2016,US912828P469,0.6867,2016
TYU2016,US912828P469,0.6928,2016
TYZ2016,US912828P469,0.6991,2016
FVH2016,US912828XE52,0.8362,2016
FVM2016,US912828Q780,0.8084,2016
FVU2016,US912828S273,0.8011,2016
FVZ2016,US912828T677,0.8032,2016
TUH2016,US912828UJ76,0.9122,2016
TUM2016,US912828VE70,0.9107,2016
TUU2016,US912828VK31,0.9242,2016
TUZ2016,US912828T834,0.9101,2016
TYH2016,US912828N308,0.7875,2016
TYM2016,US912828P790,0.7607,2016
TYU2016,US912828Q293,0.7607,2016
TYZ2016,US912828R366,0.6928,2016
FVH2016,US912828XH83,0.838,2016
FVM2016,US912828R770,0.8056,2016
FVU2016,US912828S760,0.798,2016
FVZ2016,US912828U659,0.8213,2016
TUH2016,US912828UR92,0.9063,2016
TUM2016,US912828VK31,0.914,2016
TUU2016,US912828VQ01,0.9208,2016
TUZ2016,US912828U402,0.9107,2016
TYH2016,US912828P386,0.7669,2016
TYM2016,US912828Q293,0.7532,2016
TYU2016,US912828R283,0.7674,2016
TYZ2016,US912828S356,0.7541,2016
FVH2016,US912828XM78,0.8352,2016
FVM2016,US912828S273,0.7921,2016
FVU2016,US912828T347,0.7921,2016
TUH2016,US912828UU22,0.9024,2016
TUM2016,US912828XA31,0.9107,2016
TUU2016,US912828XF28,0.9201,2016
TUZ2016,US912828WD88,0.9187,2016
TYH2016,US912828P469,0.6805,2016
TYM2016,US912828R283,0.76,2016
TYU2016,US912828R366,0.6867,2016
TYZ2016,US912828S927,0.7474,2016
TUM2016,US912828XF28,0.9094,2016
TUU2016,US912828XK13,0.9122,2016
TYH2016,US912828P790,0.7532,2016
TYM2016,US912828R366,0.6805,2016
TYU2016,US912828R697,0.7674,2016
TYZ2016,US912828T263,0.7463,2016
TYH2016,US912828TY62,0.7674,2016
TYM2016,US912828R697,0.76,2016
TYU2016,US912828S356,0.7463,2016
TYZ2016,US912828T917,0.76,2016
TYH2016,US912828UN88,0.7806,2016
TYM2016,US912828UN88,0.7873,2016
TYU2016,US912828S927,0.7395,2016
TYZ2016,US912828U246,0.7079,2016
TYH2016,US912828VB32,0.76,2016
TYM2016,US912828VB32,0.7669,2016
TYU2016,US912828VB32,0.774,2016
TYZ2016,US912828U576,0.7875,2016
TYH2016,US912828VS66,0.7966,2016
TYM2016,US912828VS66,0.8023,2016
TYU2016,US912828VS66,0.808,2016
TYZ2016,US912828VS66,0.8139,2016
TYH2016,US912828WE61,0.806,2016
TYM2016,US912828WE61,0.8111,2016
TYU2016,US912828WE61,0.8164,2016
TYZ2016,US912828WE61,0.8217,2016
TYH2016,US912828WJ58,0.7802,2016
TYM2016,US912828WJ58,0.7855,2016
TYU2016,US912828WJ58,0.7911,2016
TYZ2016,US912828WJ58,0.7966,2016
TYH2016,US912828XB14,0.7335,2016
TYM2016,US912828XB14,0.7391,2016
TYU2016,US912828XB14,0.7449,2016
TYZ2016,US912828XB14,0.7507,2016
TYH2017,US9128282A70,0.6841,2017
TYM2017,US9128282A70,0.6905,2017
TYU2017,US9128282A70,0.6971,2017
TYZ2017,US9128282A70,0.7038,2017
FVH2017,US9128282F67,0.8133,2017
FVM2017,US9128282F67,0.8226,2017
FVU2017,US9128282P40,0.8291,2017
FVZ2017,US9128282P40,0.8368,2017
TUH2017,US912828A750,0.9263,2017
TUM2017,US912828C657,0.9283,2017
TUU2017,US9128282B53,0.9063,2017
TUZ2017,US9128282G41,0.916,2017
TYH2017,US912828B667,0.8217,2017
TYM2017,US912828B667,0.8272,2017
TYU2017,US9128282N91,0.7875,2017
TYZ2017,US9128282N91,0.7939,2017
FVH2017,US912828R770,0.8317,2017
FVM2017,US912828T347,0.8195,2017
FVU2017,US9128282S88,0.8161,2017
FVZ2017,US9128282S88,0.8242,2017
TUH2017,US912828B337,0.9229,2017
TUM2017,US912828D234,0.9251,2017
TUU2017,US9128282G41,0.9047,2017
TUZ2017,US9128282X73,0.9242,2017
TYH2017,US912828D564,0.7894,2017
TYM2017,US912828D564,0.7953,2017
TYU2017,US9128282R06,0.7262,2017
TYZ2017,US9128282R06,0.7314,2017
FVH2017,US912828S273,0.8195,2017
FVM2017,US912828T677,0.8211,2017
FVU2017,US912828U659,0.8453,2017
FVZ2017,US9128282W90,0.8316,2017
TUH2017,US912828C244,0.9196,2017
TUM2017,US912828P956,0.9181,2017
TUU2017,US9128282K52,0.9208,2017
TUZ2017,US9128283H15,0.9241,2017
TYH2017,US912828G385,0.7762,2017
TYM2017,US912828G385,0.7821,2017
TYU2017,US9128282U35,0.7738,2017
TYZ2017,US9128282U35,0.7807,2017
FVH2017,US912828S760,0.8164,2017
FVM2017,US912828U659,0.8372,2017
FVU2017,US912828U816,0.8518,2017
FVZ2017,US9128283C28,0.8343,2017
TUH2017,US912828C657,0.9187,2017
TUM2017,US912828Q525,0.9122,2017
TUU2017,US9128282T61,0.9152,2017
TUZ2017,US912828F395,0.9303,2017
TYH2017,US912828J272,0.7549,2017
TYM2017,US912828J272,0.7612,2017
TYU2017,US912828D564,0.8012,2017
TYZ2017,US9128282Y56,0.7875,2017
FVH2017,US912828T347,0.8102,2017
FVM2017,US912828U816,0.8443,2017
FVU2017,US912828V723,0.8446,2017
FVZ2017,US912828W556,0.8499,2017
TUH2017,US912828N225,0.9222,2017
TUM2017,US912828R440,0.9085,2017
TUU2017,US912828D804,0.9219,2017
TUZ2017,US912828F627,0.9229,2017
TYH2017,US912828K742,0.7426,2017
TYM2017,US912828K742,0.7488,2017
TYU2017,US912828G385,0.7882,2017
TYZ2017,US9128283D01,0.7943,2017
FVH2017,US912828T677,0.8121,2017
FVM2017,US912828V723,0.8368,2017
FVU2017,US912828W556,0.842,2017
FVZ2017,US912828W895,0.8472,2017
TUH2017,US912828N639,0.9165,2017
TUM2017,US912828R853,0.9047,2017
TUU2017,US912828F395,0.921,2017
TUZ2017,US912828G617,0.9196,2017
TYH2017,US912828M565,0.7531,2017
TYM2017,US912828M565,0.7587,2017
TYU2017,US912828J272,0.7676,2017
TYZ2017,US9128283F58,0.7262,2017
FVH2017,US912828U659,0.8292,2017
FVM2017,US912828W556,0.8342,2017
FVU2017,US912828W895,0.8394,2017
FVZ2017,US912828X471,0.8446,2017
TUH2017,US912828P535,0.9063,2017
TUM2017,US912828W978,0.9222,2017
TUU2017,US912828R853,0.916,2017
TUZ2017,US912828G955,0.9187,2017
TYH2017,US912828P469,0.7055,2017
TYM2017,US912828P469,0.712,2017
TYU2017,US912828K742,0.7549,2017
TYZ2017,US9128283J70,0.7875,2017
FVH2017,US912828U816,0.8367,2017
FVM2017,US912828W895,0.8316,2017
FVU2017,US912828X471,0.8368,2017
FVZ2017,US912828XR65,0.8372,2017
TUH2017,US912828P956,0.9071,2017
TUM2017,US912828WL05,0.9196,2017
TUU2017,US912828S430,0.9101,2017
TUZ2017,US912828T594,0.9144,2017
TYH2017,US912828R366,0.6991,2017
TYM2017,US912828R366,0.7055,2017
TYU2017,US912828M565,0.7645,2017
TYZ2017,US912828D564,0.8072,2017
FVH2017,US912828V723,0.8291,2017
FVM2017,US912828X471,0.8291,2017
FVU2017,US912828XR65,0.8292,2017
FVZ2017,US912828XW50,0.8345,2017
TUH2017,US912828U998,0.9222,2017
TUM2017,US912828WS57,0.9187,2017
TUU2017,US912828WS57,0.9283,2017
TUZ2017,US912828U329,0.9107,2017
TYH2017,US912828T263,0.7541,2017
TYM2017,US912828U246,0.7191,2017
TYU2017,US912828P469,0.7185,2017
TYZ2017,US912828G385,0.7943,2017
FVH2017,US912828W556,0.8266,2017
FVM2017,US912828XR65,0.8213,2017
FVU2017,US912828XW50,0.8265,2017
TUH2017,US912828V566,0.9165,2017
TUM2017,US912828XS49,0.9152,2017
TUU2017,US912828WW69,0.9251,2017
TUZ2017,US912828U733,0.914,2017
TYH2017,US912828T917,0.7674,2017
TYM2017,US912828V236,0.8006,2017
TYU2017,US912828R366,0.712,2017
TYZ2017,US912828J272,0.7741,2017
FVH2017,US912828W895,0.8241,2017
FVM2017,US912828XW50,0.8187,2017
TUH2017,US912828W309,0.9129,2017
TUM2017,US912828XV77,0.9117,2017
TUU2017,US912828XV77,0.9222,2017
TYH2017,US912828U246,0.7135,2017
TYM2017,US912828V806,0.8006,2017
TYU2017,US912828U246,0.7249,2017
TYZ2017,US912828K742,0.7612,2017
TUH2017,US912828W978,0.9117,2017
TYH2017,US912828U576,0.7939,2017
TYM2017,US912828V988,0.7314,2017
TYU2017,US912828V988,0.7367,2017
TYZ2017,US912828M565,0.7702,2017
TYH2017,US912828V236,0.7943,2017
TYM2017,US912828W481,0.7939,2017
TYU2017,US912828W713,0.7939,2017
TYZ2017,US912828P469,0.7252,2017
TYH2017,US912828V806,0.7943,2017
TYM2017,US912828W713,0.7875,2017
TYU2017,US912828WJ58,0.8139,2017
TYZ2017,US912828R366,0.7185,2017
TYH2017,US912828V988,0.7262,2017
TYM2017,US912828WJ58,0.808,2017
TYU2017,US912828X703,0.7873,2017
TYZ2017,US912828U246,0.7307,2017
TYH2017,US912828W481,0.7875,2017
TYM2017,US912828X703,0.7806,2017
TYU2017,US912828X885,0.7404,2017
TYZ2017,US912828V988,0.7421,2017
TYH2017,US912828WE61,0.8272,2017
TYM2017,US912828X885,0.7353,2017
TYU2017,US912828XB14,0.7687,2017
TYZ2017,US912828X885,0.7455,2017
TYH2017,US912828WJ58,0.8023,2017
TYM2017,US912828XB14,0.7626,2017
TYU2017,US912828XT22,0.7873,2017
TYZ2017,US912828XB14,0.7748,2017
TYH2017,US912828XB14,0.7566,2017
TYM2017,US912828XT22,0.7806,2017
TYU2017,US912828XX34,0.7806,2017
TYZ2017,US912828XX34,0.7873,2017
TYH2018,US9128282A70,0.7105,2018
TYM2018,US9128282A70,0.7174,2018
TYU2018,US9128282A70,0.7243,2018
TYZ2018,US9128282A70,0.7314,2018
FVH2018,US9128282P40,0.8446,2018
FVM2018,US9128282S88,0.8408,2018
FVU2018,US9128283U26,0.8634,2018
FVZ2018,US9128284A52,0.8771,2018
TUH2018,US9128283N82,0.9324,2018
TUM2018,US9128284C19,0.9385,2018
TUU2018,US9128282J89,0.9229,2018
TUZ2018,US9128282V18,0.9242,2018
TYH2018,US9128282R06,0.7367,2018
TYM2018,US9128282R06,0.7421,2018
TYU2018,US9128282R06,0.7475,2018
TYZ2018,US9128282R06,0.7531,2018
FVH2018,US9128282S88,0.8324,2018
FVM2018,US9128282W90,0.8472,2018
FVU2018,US9128284A52,0.8707,2018
FVZ2018,US9128284D91,0.8704,2018
TUH2018,US9128283S79,0.9315,2018
TUM2018,US9128284J61,0.9379,2018
TUU2018,US9128282Q23,0.9196,2018
TUZ2018,US9128282Z22,0.9251,2018
TYH2018,US9128282Y56,0.7939,2018
TYM2018,US9128283F58,0.7367,2018
TYU2018,US9128283F58,0.7421,2018
TYZ2018,US9128283F58,0.7475,2018
FVH2018,US9128282W90,0.8394,2018
FVM2018,US9128283C28,0.8493,2018
FVU2018,US9128284D91,0.8637,2018
FVZ2018,US9128284L18,0.8775,2018
TUH2018,US9128283Y48,0.933,2018
TUM2018,US9128284Q05,0.9375,2018
TUU2018,US9128282V18,0.914,2018
TUZ2018,US9128283G32,0.9241,2018
TYH2018,US9128283D01,0.8006,2018
TYM2018,US9128283P31,0.8006,2018
TYU2018,US9128283W81,0.7718,2018
TYZ2018,US9128283W81,0.7765,2018
FVH2018,US9128283C28,0.8417,2018
FVM2018,US9128283U26,0.8566,2018
FVU2018,US9128284L18,0.8714,2018
FVZ2018,US9128284S60,0.8755,2018
TUH2018,US912828G955,0.9283,2018
TUM2018,US912828J843,0.9242,2018
TUU2018,US9128284Y39,0.9397,2018
TUZ2018,US9128283L27,0.9233,2018
TYH2018,US9128283F58,0.7314,2018
TYM2018,US9128283V09,0.8139,2018
TYU2018,US9128284F40,0.8205,2018
TYZ2018,US9128284N73,0.7806,2018
FVH2018,US9128283U26,0.8498,2018
FVM2018,US9128284A52,0.8643,2018
FVU2018,US9128284S60,0.8694,2018
FVZ2018,US9128284U17,0.8686,2018
TUH2018,US912828H524,0.9187,2018
TUM2018,US912828K585,0.9208,2018
TUU2018,US912828L328,0.9174,2018
TUZ2018,US9128285B27,0.9467,2018
TYH2018,US9128283J70,0.7939,2018
TYM2018,US9128283W81,0.7672,2018
TYU2018,US9128284M90,0.8338,2018
TYZ2018,US9128284V99,0.7762,2018
FVH2018,US9128284A52,0.8581,2018
FVM2018,US9128284D91,0.8571,2018
FVU2018,US9128284U17,0.8622,2018
FVZ2018,US9128284X55,0.8694,2018
TUH2018,US912828J504,0.9174,2018
TUM2018,US912828W630,0.9283,2018
TUU2018,US912828L658,0.914,2018
TUZ2018,US9128285G14,0.9465,2018
TYH2018,US9128283P31,0.7943,2018
TYM2018,US9128283Z13,0.8272,2018
TYU2018,US9128284N73,0.7762,2018
TYZ2018,US9128284Z04,0.8272,2018
FVH2018,US912828M805,0.8392,2018
FVM2018,US9128284L18,0.8653,2018
FVU2018,US9128284X55,0.8633,2018
FVZ2018,US9128285D82,0.8724,2018
TUH2018,US912828J843,0.914,2018
TUM2018,US912828X216,0.9229,2018
TUU2018,US912828XH83,0.9283,2018
TUZ2018,US9128285Q95,0.9419,2018
TYH2018,US9128283V09,0.808,2018
TYM2018,US9128284F40,0.8149,2018
TYU2018,US9128284R87,0.8338,2018
TYZ2018,US9128285C00,0.8354,2018
FVH2018,US912828N308,0.8418,2018
FVM2018,US9128284S60,0.8633,2018
FVU2018,US9128285D82,0.8667,2018
FVZ2018,US9128285K26,0.8705,2018
TUH2018,US912828U733,0.9242,2018
TUM2018,US912828X968,0.9196,2018
TUU2018,US912828XM78,0.9251,2018
TUZ2018,US9128285S51,0.935,2018
TYH2018,US9128283W81,0.7627,2018
TYM2018,US9128284M90,0.8286,2018
TYU2018,US9128284V99,0.7718,2018
TYZ2018,US9128285J52,0.8354,2018
FVH2018,US912828XR65,0.8453,2018
FVM2018,US912828M805,0.8468,2018
FVU2018,US912828M805,0.8544,2018
FVZ2018,US9128285P13,0.8686,2018
TUH2018,US912828V319,0.9208,2018
TUM2018,US912828XE52,0.9196,2018
TUU2018,US912828XU94,0.9263,2018
TUZ2018,US912828L658,0.9242,2018
TYH2018,US9128283Z13,0.8217,2018
TYM2018,US9128284N73,0.7718,2018
TYU2018,US9128284Z04,0.8217,2018
TYZ2018,US9128285M81,0.79,2018
FVH2018,US912828XW50,0.8426,2018
FVM2018,US912828N308,0.8491,2018
FVU2018,US912828N308,0.8565,2018
FVZ2018,US9128285U08,0.8561,2018
TUH2018,US912828W226,0.9174,2018
TUM2018,US912828XH83,0.9187,2018
TUU2018,US912828XY17,0.9426,2018
TUZ2018,US912828L997,0.9208,2018
TYH2018,US912828G385,0.8006,2018
TYM2018,US9128284R87,0.8286,2018
TYU2018,US912828K742,0.7806,2018
TYZ2018,US9128285N64,0.8286,2018
FVU2018,US912828Y610,0.8653,2018
FVZ2018,US912828Y610,0.8714,2018
TUH2018,US912828W630,0.9187,2018
TUM2018,US912828XU94,0.9164,2018
TUU2018,US912828Y461,0.9422,2018
TUZ2018,US912828M987,0.9219,2018
TYH2018,US912828J272,0.7806,2018
TYM2018,US912828J272,0.7873,2018
TYU2018,US912828M565,0.7882,2018
TYZ2018,US912828K742,0.7873,2018
TUZ2018,US912828N480,0.921,2018
TYH2018,US912828K742,0.7676,2018
TYM2018,US912828K742,0.7741,2018
TYU2018,US912828P469,0.7458,2018
TYZ2018,US912828M565,0.7943,2018
TYH2018,US912828M565,0.7762,2018
TYM2018,US912828M565,0.7821,2018
TYU2018,US912828R366,0.7389,2018
TYZ2018,US912828P469,0.7529,2018
TYH2018,US912828P469,0.732,2018
TYM2018,US912828P469,0.7389,2018
TYU2018,US912828U246,0.7488,2018
TYZ2018,US912828R366,0.7458,2018
TYH2018,US912828R366,0.7252,2018
TYM2018,US912828R366,0.732,2018
TYU2018,US912828V988,0.7587,2018
TYZ2018,US912828U246,0.7549,2018
TYH2018,US912828U246,0.7367,2018
TYM2018,US912828U246,0.7426,2018
TYU2018,US912828X885,0.7614,2018
TYZ2018,US912828V988,0.7645,2018
TYH2018,US912828V988,0.7475,2018
TYM2018,US912828V988,0.7531,2018
TYU2018,US912828XB14,0.7939,2018
TYZ2018,US912828X885,0.7668,2018
TYH2018,US912828X885,0.7507,2018
TYM2018,US912828X885,0.756,2018
TYU2018,US912828XZ81,0.8217,2018
TYZ2018,US912828XZ81,0.8272,2018
TYH2018,US912828XB14,0.7811,2018
TYM2018,US912828XB14,0.7875,2018
TYU2018,US912828Y792,0.8286,2018
TYZ2018,US912828Y792,0.8338,2018
TYH2019,US9128282A70,0.7385,2019
TYM2019,US9128282A70,0.7458,2019
TYU2019,US9128282A70,0.7532,2019
TYZ2019,US9128282A70,0.7607,2019
FVH2019,US9128284S60,0.8817,2019
FVM2019,US9128284X55,0.8817,2019
FVU2019,US9128285P13,0.8862,2019
FVZ2019,US9128286G05,0.8681,2019
TUH2019,US9128283L27,0.9324,2019
TUM2019,US9128284B36,0.9406,2019
TUU2019,US9128282F67,0.9129,2019
TUZ2019,US9128285A44,0.9467,2019
TYH2019,US9128282R06,0.7587,2019
TYM2019,US9128282R06,0.7645,2019
TYU2019,US9128282R06,0.7702,2019
TYZ2019,US9128282R06,0.7762,2019
FVH2019,US9128284U17,0.875,2019
FVM2019,US9128285D82,0.8842,2019
FVU2019,US9128285U08,0.875,2019
FVZ2019,US9128286R69,0.8587,2019
TUH2019,US9128283Q14,0.9315,2019
TUM2019,US9128284G23,0.9379,2019
TUU2019,US9128284T44,0.9447,2019
TUZ2019,US9128285F31,0.9465,2019
TYH2019,US9128283F58,0.7531,2019
TYM2019,US9128283F58,0.7587,2019
TYU2019,US9128283F58,0.7645,2019
TYZ2019,US9128283F58,0.7702,2019
FVH2019,US9128284X55,0.8755,2019
FVM2019,US9128285K26,0.8822,2019
FVU2019,US9128285Z94,0.8681,2019
FVZ2019,US9128286Z85,0.8345,2019
TUH2019,US9128283X64,0.933,2019
TUM2019,US9128284P22,0.9397,2019
TUU2019,US9128284W72,0.9419,2019
TUZ2019,US9128285L09,0.9442,2019
TYH2019,US9128283W81,0.7812,2019
TYM2019,US9128283W81,0.7861,2019
TYU2019,US9128283W81,0.7909,2019
TYZ2019,US9128283W81,0.7959,2019
FVH2019,US9128285D82,0.8783,2019
FVM2019,US9128285P13,0.8803,2019
FVU2019,US9128286G05,0.8611,2019
FVZ2019,US912828W713,0.8565,2019
TUH2019,US9128284B36,0.9326,2019
TUM2019,US9128284T44,0.9373,2019
TUU2019,US9128285A44,0.9396,2019
TUZ2019,US9128285R78,0.9373,2019
TYH2019,US9128284N73,0.7851,2019
TYM2019,US9128284N73,0.7896,2019
TYU2019,US9128284N73,0.7943,2019
TYZ2019,US9128284N73,0.7989,2019
FVH2019,US9128285K26,0.8764,2019
FVM2019,US9128285U08,0.8686,2019
FVU2019,US9128286R69,0.8516,2019
FVZ2019,US912828XT22,0.8468,2019
TUH2019,US9128285S51,0.9426,2019
TUM2019,US9128286V71,0.9308,2019
TUU2019,US9128287A26,0.9283,2019
TUZ2019,US912828T347,0.9201,2019
TYH2019,US9128284V99,0.7806,2019
TYM2019,US9128284V99,0.7851,2019
TYU2019,US9128284V99,0.7896,2019
TYZ2019,US9128284V99,0.7943,2019
FVH2019,US9128285P13,0.8744,2019
FVM2019,US9128285Z94,0.8615,2019
FVU2019,US9128286Z85,0.8265,2019
FVZ2019,US912828Y875,0.8319,2019
TUH2019,US9128285X47,0.94,2019
TUM2019,US912828C574,0.9385,2019
TUU2019,US9128287F13,0.9272,2019
TUZ2019,US912828T677,0.9187,2019
TYH2019,US9128285C00,0.8405,2019
TYM2019,US9128285M81,0.7981,2019
TYU2019,US9128285M81,0.8023,2019
TYZ2019,US9128285M81,0.8064,2019
FVH2019,US9128285U08,0.8622,2019
FVM2019,US9128286G05,0.8543,2019
FVU2019,US912828W713,0.8491,2019
FVZ2019,US912828YE44,0.8091,2019
TUH2019,US9128286D73,0.9375,2019
TUM2019,US912828Q376,0.9222,2019
TUU2019,US912828S273,0.9201,2019
TUZ2019,US912828U659,0.9241,2019
TYH2019,US9128285J52,0.8405,2019
TYM2019,US9128285T35,0.8205,2019
TYU2019,US9128286B18,0.763,2019
TYZ2019,US9128286B18,0.7679,2019
FVH2019,US9128285Z94,0.855,2019
FVM2019,US9128286R69,0.8446,2019
FVU2019,US912828XT22,0.8392,2019
FVZ2019,US912828YH74,0.8164,2019
TUH2019,US912828N480,0.9303,2019
TUM2019,US912828Q780,0.9208,2019
TUU2019,US912828S760,0.9165,2019
TUZ2019,US912828U816,0.9257,2019
TYH2019,US9128285M81,0.7941,2019
TYM2019,US9128286A35,0.8205,2019
TYU2019,US9128286L99,0.8006,2019
TYZ2019,US9128286T26,0.7455,2019
FVH2019,US9128286G05,0.8476,2019
FVM2019,US912828W713,0.8418,2019
FVU2019,US912828Y875,0.8239,2019
FVZ2019,US912828YM69,0.8136,2019
TUH2019,US912828N894,0.9208,2019
TUM2019,US912828R770,0.9174,2019
TUU2019,US912828T347,0.9094,2019
TUZ2019,US912828YJ31,0.9263,2019
TYH2019,US9128285N64,0.8338,2019
TYM2019,US9128286B18,0.7583,2019
TYU2019,US9128286S43,0.8072,2019
TYZ2019,US9128287B09,0.7807,2019
FVH2019,US912828W713,0.8347,2019
FVM2019,US912828XT22,0.8318,2019
FVU2019,US912828YE44,0.8003,2019
FVZ2019,US912828YV68,0.8108,2019
TUH2019,US912828P873,0.9129,2019
TUM2019,US912828S273,0.9094,2019
TUU2019,US912828Y206,0.9422,2019
TUZ2019,US912828YP90,0.9229,2019
TYH2019,US9128285T35,0.8149,2019
TYM2019,US9128286F22,0.8139,2019
TYU2019,US9128286T26,0.7404,2019
TYZ2019,US912828U246,0.7806,2019
FVH2019,US912828Y610,0.8775,2019
FVU2019,US912828YH74,0.8081,2019
FVZ2019,US912828YY08,0.8187,2019
TUH2019,US912828Q376,0.9117,2019
TUM2019,US912828WG10,0.9358,2019
TUU2019,US912828YC87,0.9196,2019
TUZ2019,US912828YT13,0.9196,2019
TYH2019,US9128286A35,0.8149,2019
TYM2019,US9128286L99,0.7943,2019
TYU2019,US9128286X38,0.7939,2019
TYZ2019,US912828V988,0.7882,2019
TUU2019,US912828YJ31,0.9164,2019
TUZ2019,US912828YZ72,0.9187,2019
TYH2019,US9128286B18,0.7535,2019
TYM2019,US9128286S43,0.8012,2019
TYU2019,US9128287B09,0.7738,2019
TYZ2019,US912828X885,0.7894,2019
TYH2019,US9128286F22,0.808,2019
TYM2019,US9128286T26,0.7353,2019
TYU2019,US912828R366,0.7674,2019
TYZ2019,US912828Y958,0.7807,2019
TYH2019,US912828M565,0.8006,2019
TYM2019,US9128286X38,0.7875,2019
TYU2019,US912828U246,0.7741,2019
TYZ2019,US912828YB05,0.6867,2019
TYH2019,US912828P469,0.76,2019
TYM2019,US912828P469,0.7674,2019
TYU2019,US912828V988,0.7821,2019
TYZ2019,US912828YD60,0.7541,2019
TYH2019,US912828R366,0.7529,2019
TYM2019,US912828R366,0.76,2019
TYU2019,US912828X885,0.7836,2019
TYZ2019,US912828YG91,0.76,2019
TYH2019,US912828U246,0.7612,2019
TYM2019,US912828U246,0.7676,2019
TYU2019,US912828Y958,0.7738,2019
TYZ2019,US912828YQ73,0.76,2019
TYH2019,US912828V988,0.7702,2019
TYM2019,US912828V988,0.7762,2019
TYU2019,US912828YB05,0.6805,2019
TYZ2019,US912828YS30,0.6897,2019
TYH2019,US912828X885,0.7723,2019
TYM2019,US912828X885,0.7779,2019
TYU2019,US912828YD60,0.7463,2019
TYZ2019,US912828YU85,0.76,2019
TYH2020,US9128282R06,0.7821,2020
TYM2020,US9128282R06,0.7882,2020
TYU2020,US9128282R06,0.7943,2020
TYZ2020,US9128282R06,0.8006,2020
FVH2020,US9128286Z85,0.8426,2020
FVM2020,US912828YE44,0.8271,2020
FVU2020,US912828YV68,0.8362,2020
FVZ2020,US912828ZC78,0.8226,2020
TUH2020,US9128285R78,0.9447,2020
TUM2020,US9128286H87,0.9406,2020
TUU2020,US9128282P40,0.9294,2020
TUZ2020,US9128282W90,0.9324,2020
TYH2020,US9128283F58,0.7762,2020
TYM2020,US9128283F58,0.7821,2020
TYU2020,US9128283F58,0.7882,2020
TYZ2020,US9128283F58,0.7943,2020
FVH2020,US912828XT22,0.8544,2020
FVM2020,US912828YH74,0.8333,2020
FVU2020,US912828YY08,0.8426,2020
FVZ2020,US912828ZF00,0.7963,2020
TUH2020,US9128285V80,0.94,2020
TUM2020,US9128286M72,0.9358,2020
TUU2020,US9128282S88,0.9219,2020
TUZ2020,US9128283C28,0.9315,2020
TYH2020,US9128283W81,0.8009,2020
TYM2020,US9128283W81,0.806,2020
TYU2020,US9128283W81,0.8111,2020
TYZ2020,US9128283W81,0.8164,2020
FVH2020,US912828Y875,0.8399,2020
FVM2020,US912828YM69,0.8305,2020
FVU2020,US912828Z526,0.8258,2020
FVZ2020,US912828ZL77,0.7881,2020
TUH2020,US9128286C90,0.9375,2020
TUM2020,US9128286U98,0.9308,2020
TUU2020,US9128282W90,0.9233,2020
TUZ2020,US912828M805,0.9286,2020
TYH2020,US9128284N73,0.8037,2020
TYM2020,US9128284N73,0.8085,2020
TYU2020,US9128284N73,0.8135,2020
TYZ2020,US9128284N73,0.8184,2020
FVH2020,US912828YE44,0.8181,2020
FVM2020,US912828YV68,0.8276,2020
FVU2020,US912828ZC78,0.8133,2020
FVZ2020,US912828ZT04,0.7798,2020
TUH2020,US9128286H87,0.9326,2020
TUM2020,US9128286Y11,0.921,2020
TUU2020,US9128286Y11,0.9303,2020
TUZ2020,US912828N308,0.928,2020
TYH2020,US9128284V99,0.7989,2020
TYM2020,US9128284V99,0.8037,2020
TYU2020,US9128284V99,0.8085,2020
TYZ2020,US9128284V99,0.8135,2020
FVH2020,US912828YH74,0.8248,2020
FVM2020,US912828YY08,0.8345,2020
FVU2020,US912828ZF00,0.7859,2020
FVZ2020,US912828ZW33,0.7761,2020
TUH2020,US912828U816,0.9344,2020
TUM2020,US912828W895,0.9324,2020
TUU2020,US9128287C81,0.9272,2020
TUZ2020,US912828TY62,0.9219,2020
TYH2020,US9128285M81,0.8107,2020
TYM2020,US9128285M81,0.815,2020
TYU2020,US9128285M81,0.8194,2020
TYZ2020,US9128285M81,0.8238,2020
FVH2020,US912828YM69,0.822,2020
FVM2020,US912828Z526,0.817,2020
FVU2020,US912828ZL77,0.7775,2020
FVZ2020,US91282CAB72,0.7725,2020
TUH2020,US912828V723,0.9294,2020
TUM2020,US912828X471,0.9294,2020
TUU2020,US912828XW50,0.9303,2020
TUZ2020,US912828YF19,0.9263,2020
TYH2020,US9128286B18,0.7728,2020
TYM2020,US9128286B18,0.7778,2020
TYU2020,US9128286B18,0.7828,2020
TYZ2020,US9128286B18,0.788,2020
FVH2020,US912828YV68,0.8192,2020
FVM2020,US912828ZC78,0.8041,2020
FVU2020,US912828ZT04,0.7689,2020
FVZ2020,US91282CAJ09,0.7689,2020
TUH2020,US912828W556,0.9263,2020
TUM2020,US912828XR65,0.9241,2020
TUU2020,US912828YA22,0.9196,2020
TUZ2020,US912828YK04,0.9208,2020
TYH2020,US9128286T26,0.7507,2020
TYM2020,US9128286T26,0.756,2020
TYU2020,US9128286T26,0.7614,2020
TYZ2020,US9128286T26,0.7668,2020
FVH2020,US912828YY08,0.8265,2020
FVM2020,US912828ZF00,0.7756,2020
FVU2020,US912828ZW33,0.7654,2020
FVZ2020,US91282CAM38,0.7654,2020
TUH2020,US912828W895,0.9233,2020
TUM2020,US912828XW50,0.921,2020
TUU2020,US912828YF19,0.9164,2020
TUZ2020,US912828YW42,0.9187,2020
TYH2020,US912828U246,0.7873,2020
TYM2020,US912828V988,0.8006,2020
TYU2020,US912828X885,0.8072,2020
TYZ2020,US912828YB05,0.712,2020
FVH2020,US912828Z526,0.8084,2020
FVM2020,US912828ZL77,0.767,2020
FVU2020,US91282CAB72,0.7618,2020
FVZ2020,US91282CAT80,0.7618,2020
TUH2020,US912828YZ72,0.9283,2020
TUM2020,US912828ZG82,0.9079,2020
TUU2020,US912828ZX16,0.9038,2020
TUZ2020,US91282CAN11,0.9038,2020
TYH2020,US912828V988,0.7943,2020
TYM2020,US912828X885,0.8012,2020
TYU2020,US912828YB05,0.7055,2020
TYZ2020,US912828YS30,0.7139,2020
FVH2020,US912828ZC78,0.7951,2020
FVM2020,US912828ZT04,0.7583,2020
FVU2020,US91282CAJ09,0.7583,2020
FVZ2020,US91282CAZ41,0.7635,2020
TUH2020,US912828Z609,0.9208,2020
TUM2020,US912828ZM50,0.8994,2020
TUU2020,US91282CAC55,0.8994,2020
TUZ2020,US91282CAR25,0.8994,2020
TYH2020,US912828X885,0.7953,2020
TYM2020,US912828YB05,0.6991,2020
TYU2020,US912828YS30,0.7077,2020
TYZ2020,US912828Z948,0.6905,2020
FVH2020,US912828ZF00,0.7654,2020
FVM2020,US912828ZW33,0.7548,2020
FVU2020,US91282CAM38,0.7548,2020
FVZ2020,US91282CBC47,0.7601,2020
TUH2020,US912828ZA13,0.9129,2020
TUM2020,US912828ZR48,0.8951,2020
TUU2020,US91282CAG69,0.8951,2020
TUZ2020,US91282CAX92,0.8951,2020
TYH2020,US912828YB05,0.6928,2020
TYM2020,US912828YS30,0.7016,2020
TYU2020,US912828Z948,0.6841,2020
TYZ2020,US912828ZQ64,0.6226,2020
TUH2020,US912828ZG82,0.8955,2020
TUM2020,US912828ZX16,0.8908,2020
TUU2020,US91282CAN11,0.8908,2020
TUZ2020,US91282CBD20,0.8908,2020
TYH2020,US912828YG91,0.7674,2020
TYM2020,US912828YX25,0.774,2020
TYU2020,US912828ZE35,0.7142,2020
TYZ2020,US912828ZV59,0.7075,2020
TYH2020,US912828YQ73,0.7674,2020
TYM2020,US912828Z781,0.7607,2020
TYU2020,US912828ZN34,0.7075,2020
TYZ2020,US91282CAD39,0.7009,2020
TYH2020,US912828YS30,0.6956,2020
TYM2020,US912828Z948,0.6777,2020
TYU2020,US912828ZQ64,0.615,2020
TYZ2020,US91282CAE12,0.615,2020
TYH2020,US912828YU85,0.7674,2020
TYM2020,US912828ZB95,0.7408,2020
TYU2020,US912828ZS21,0.7075,2020
TYZ2020,US91282CAH43,0.7075,2020
TYH2020,US912828YX25,0.7669,2020
TYM2020,US912828ZE35,0.7052,2020
TYU2020,US912828ZV59,0.6984,2020
TYZ2020,US91282CAL54,0.6915,2020
TYH2020,US912828Z781,0.7532,2020
TYM2020,US912828ZN34,0.6984,2020
TYU2020,US91282CAD39,0.6915,2020
TYZ2020,US91282CAU53,0.6984,2020
TYH2020,US912828Z948,0.6714,2020
TYM2020,US912828ZQ64,0.6075,2020
TYU2020,US91282CAE12,0.6075,2020
TYZ2020,US91282CAV37,0.6258,2020
TYH2020,US912828ZB95,0.7326,2020
TYM2020,US912828ZS21,0.6984,2020
TYU2020,US91282CAH43,0.6984,2020
TYZ2020,US91282CAY75,0.7052,2020
TYH2021,US9128283F58,,2021
TYM2021,US9128283W81,0.8272,2021
TYU2021,US9128284N73,0.8338,2021
TYZ2021,US9128284V99,0.8338,2021
FVH2021,US912828ZT04,0.7908,2021
FVM2021,US91282CAJ09,0.7908,2021
FVU2021,US91282CAZ41,0.7953,2021
FVZ2021,US91282CBQ33,0.7999,2021
TUH2021,US9128283U26,0.9379,2021
TUM2021,US9128284D91,0.9426,2021
TUU2021,US9128284U17,0.9447,2021
TUZ2021,US9128285D82,0.9488,2021
TYM2021,US9128284N73,0.8286,2021
TYU2021,US9128284V99,0.8286,2021
TYZ2021,US9128285M81,0.8423,2021
FVH2021,US912828ZW33,0.7871,2021
FVM2021,US91282CAM38,0.7871,2021
FVU2021,US91282CBC47,0.7917,2021
FVZ2021,US91282CBT71,0.8056,2021
TUH2021,US9128284A52,0.9397,2021
TUM2021,US9128284L18,0.9443,2021
TUU2021,US9128284X55,0.9419,2021
TUZ2021,US9128285K26,0.9465,2021
TYM2021,US9128284V99,0.8235,2021
TYU2021,US9128285M81,0.8376,2021
TYZ2021,US9128286B18,0.8094,2021
FVH2021,US91282CAB72,0.7834,2021
FVM2021,US91282CAT80,0.7834,2021
FVU2021,US91282CBH34,0.7881,2021
FVZ2021,US91282CBW01,0.8022,2021
TUH2021,US9128284D91,0.935,2021
TUM2021,US9128284S60,0.9419,2021
TUU2021,US9128285D82,0.9419,2021
TUZ2021,US9128285P13,0.9442,2021
TYM2021,US9128285M81,0.8329,2021
TYU2021,US9128286B18,0.8039,2021
TYZ2021,US9128286T26,0.7894,2021
FVH2021,US91282CAJ09,0.7798,2021
FVM2021,US91282CAZ41,0.7846,2021
FVU2021,US91282CBQ33,0.7893,2021
FVZ2021,US91282CCF68,0.7989,2021
TUH2021,US912828YW42,0.9283,2021
TUM2021,US9128284U17,0.9373,2021
TUU2021,US912828Y610,0.9443,2021
TUZ2021,US9128285U08,0.9373,2021
TYM2021,US9128286B18,0.7985,2021
TYU2021,US9128286T26,0.7836,2021
TYZ2021,US912828YB05,0.7389,2021
FVH2021,US91282CAM38,0.7761,2021
FVM2021,US91282CBC47,0.781,2021
FVU2021,US91282CBT71,0.7956,2021
FVZ2021,US91282CCJ80,0.8005,2021
TUH2021,US912828Z294,0.9229,2021
TUM2021,US912828ZD51,0.9099,2021
TUU2021,US912828ZU76,0.9058,2021
TUZ2021,US91282CAK71,0.9038,2021
TYM2021,US9128286T26,0.7779,2021
TYU2021,US912828YB05,0.732,2021
TYZ2021,US912828YS30,0.7396,2021
FVH2021,US91282CAT80,0.7725,2021
FVM2021,US91282CBH34,0.7775,2021
FVU2021,US91282CBW01,0.7923,2021
FVZ2021,US91282CCP41,0.7874,2021
TUH2021,US912828Z864,0.9174,2021
TUM2021,US912828ZH65,0.9016,2021
TUU2021,US912828ZY98,0.8994,2021
TUZ2021,US91282CAP68,0.8994,2021
TYM2021,US912828YB05,0.7252,2021
TYU2021,US912828YS30,0.7331,2021
TYZ2021,US912828Z948,0.7174,2021
FVH2021,US91282CAZ41,0.774,2021
FVM2021,US91282CBQ33,0.779,2021
FVU2021,US91282CCF68,0.789,2021
FVZ2021,US91282CCW91,0.789,2021
TUH2021,US912828ZD51,0.8978,2021
TUM2021,US912828ZP81,0.8951,2021
TUU2021,US91282CAF86,0.8951,2021
TUZ2021,US91282CAW10,0.8973,2021
TYM2021,US912828YS30,0.7266,2021
TYU2021,US912828Z948,0.7105,2021
TYZ2021,US912828ZQ64,0.6542,2021
FVH2021,US91282CBC47,0.7705,2021
FVM2021,US91282CBT71,0.7858,2021
FVU2021,US91282CCJ80,0.7909,2021
FVZ2021,US91282CCZ23,0.7909,2021
TUH2021,US91282CBD20,0.9038,2021
TUM2021,US912828ZU76,0.8931,2021
TUU2021,US91282CAK71,0.8908,2021
TUZ2021,US91282CBA80,0.8908,2021
TYM2021,US912828Z948,0.7038,2021
TYU2021,US912828ZQ64,0.6462,2021
TYZ2021,US91282CAE12,0.6462,2021
FVH2021,US91282CBH34,0.767,2021
FVM2021,US91282CBW01,0.7825,2021
FVU2021,US91282CCP41,0.7773,2021
FVZ2021,US91282CDG33,0.798,2021
TUH2021,US91282CBG50,0.8994,2021
TUM2021,US91282CBU45,0.9038,2021
TUU2021,US91282CCK53,0.9038,2021
TUZ2021,US91282CDA62,0.9058,2021
TYM2021,US912828ZQ64,0.6382,2021
TYU2021,US91282CAE12,0.6382,2021
TYZ2021,US91282CAV37,0.655,2021
FVH2021,US91282CBQ33,0.7688,2021
FVM2021,US91282CCF68,0.7793,2021
FVU2021,US91282CCW91,0.7793,2021
FVZ2021,US91282CDK45,0.8003,2021
TUH2021,US91282CBN02,0.8951,2021
TUM2021,US91282CBX83,0.8994,2021
TUU2021,US91282CCN92,0.8994,2021
TUZ2021,US91282CDD02,0.9037,2021
TYM2021,US91282CAE12,0.6304,2021
TYU2021,US91282CAV37,0.6476,2021
TYZ2021,US91282CBL46,0.6648,2021
FVH2021,US91282CBT71,0.7761,2021
FVM2021,US91282CCJ80,0.7814,2021
FVU2021,US91282CCZ23,0.7814,2021
FVZ2021,US91282CDQ15,0.7974,2021
TUH2021,US91282CBU45,0.8908,2021
TUM2021,US91282CCD11,0.8951,2021
TUU2021,US91282CCU36,0.8951,2021
TUZ2021,US91282CDM01,0.9018,2021
TYM2021,US91282CAV37,0.6402,2021
TYU2021,US91282CBL46,0.6577,2021
TYZ2021,US91282CCH25,0.7474,2021
TUM2021,US91282CCK53,0.8908,2021
TUU2021,US91282CDA62,0.8931,2021
TUZ2021,US91282CDR97,0.9024,2021
TYM2021,US91282CBB63,0.7142,2021
TYU2021,US91282CBS98,0.7474,2021
TYZ2021,US91282CCR07,0.7341,2021
TYM2021,US91282CBJ99,0.7208,2021
TYU2021,US91282CBZ32,0.7474,2021
TYZ2021,US91282CCS89,0.6598,2021
TYM2021,US91282CBL46,0.6509,2021
TYU2021,US91282CCB54,0.6867,2021
TYZ2021,US91282CCV19,0.7408,2021
TYM2021,US91282CBP59,0.7408,2021
TYU2021,US91282CCE93,0.7474,2021
TYZ2021,US91282CCY57,0.7395,2021
TYM2021,US91282CBS98,0.7395,2021
TYU2021,US91282CCH25,0.7395,2021
TYZ2021,US91282CDF59,0.7463,2021
TYM2021,US91282CBZ32,0.7395,2021
TYU2021,US91282CCR07,0.7258,2021
TYZ2021,US91282CDJ71,0.6623,2021
TYM2021,US91282CCB54,0.6805,2021
TYU2021,US91282CCS89,0.6532,2021
TYZ2021,US91282CDL28,0.7532,2021
TYM2021,US91282CCE93,0.7395,2021
TYU2021,US91282CCV19,0.7326,2021
TYH2022,US9128285M81,0.8471,2022
TYM2022,US9128286B18,0.8205,2022
TYU2022,US9128286T26,0.8072,2022
TYZ2022,US912828YB05,0.7674,2022
FVH2022,US91282CCF68,0.8089,2022
FVM2022,US912828Z781,0.822,2022
FVU2022,US912828Z781,0.8305,2022
FVZ2022,US91282CEC10,0.8499,2022
TUH2022,US9128285U08,0.9447,2022
TUM2022,US9128286R69,0.9358,2022
TUU2022,US9128286Z85,0.9303,2022
TUZ2022,US912828YH74,0.9263,2022
TYH2022,US9128286B18,0.8149,2022
TYM2022,US9128286T26,0.8012,2022
TYU2022,US912828YB05,0.76,2022
TYZ2022,US912828YS30,0.7669,2022
FVH2022,US91282CCJ80,0.8102,2022
FVM2022,US91282CCW91,0.8089,2022
FVU2022,US91282CDK45,0.8271,2022
FVZ2022,US91282CEF41,0.8704,2022
TUH2022,US9128285Z94,0.94,2022
TUM2022,US9128286Z85,0.921,2022
TUU2022,US912828Y875,0.9272,2022
TUZ2022,US912828YM69,0.9229,2022
TYH2022,US9128286T26,0.7953,2022
TYM2022,US912828YB05,0.7529,2022
TYU2022,US912828YS30,0.76,2022
TYZ2022,US912828Z948,0.7458,2022
FVH2022,US91282CCP41,0.7975,2022
FVM2022,US91282CCZ23,0.8102,2022
FVU2022,US91282CDQ15,0.8241,2022
FVZ2022,US91282CEN74,0.8775,2022
TUH2022,US9128286G05,0.9353,2022
TUM2022,US912828W713,0.9365,2022
TUU2022,US912828YE44,0.9152,2022
TUZ2022,US912828YV68,0.9196,2022
TYH2022,US912828YB05,0.7458,2022
TYM2022,US912828YS30,0.7531,2022
TYU2022,US912828Z948,0.7385,2022
TYZ2022,US912828ZQ64,0.6877,2022
FVH2022,US91282CCW91,0.7989,2022
FVM2022,US91282CDG33,0.8164,2022
FVU2022,US91282CEC10,0.842,2022
FVZ2022,US91282CET45,0.8707,2022
TUH2022,US912828W713,0.928,2022
TUM2022,US91282CBR16,0.9058,2022
TUU2022,US912828YH74,0.9164,2022
TUZ2022,US912828YY08,0.921,2022
TYH2022,US912828YS30,0.7463,2022
TYM2022,US912828Z948,0.7314,2022
TYU2022,US912828ZQ64,0.6792,2022
TYZ2022,US91282CAE12,0.6792,2022
FVH2022,US91282CCZ23,0.8005,2022
FVM2022,US91282CDK45,0.8181,2022
FVU2022,US91282CEF41,0.8637,2022
FVZ2022,US91282CEW73,0.8929,2022
TUH2022,US91282CBA80,0.9038,2022
TUM2022,US91282CBV28,0.9037,2022
TUU2022,US91282CCG42,0.9058,2022
TUZ2022,US91282CCX74,0.9079,2022
TYH2022,US912828Z948,0.7243,2022
TYM2022,US912828ZQ64,0.6707,2022
TYU2022,US91282CAE12,0.6707,2022
TYZ2022,US91282CAV37,0.686,2022
FVH2022,US91282CDG33,0.8071,2022
FVM2022,US91282CDQ15,0.8151,2022
FVU2022,US91282CEN74,0.8714,2022
FVZ2022,US91282CFB28,0.8714,2022
TUH2022,US91282CBE03,0.8994,2022
TUM2022,US91282CCC38,0.8973,2022
TUU2022,US91282CCL37,0.9037,2022
TUZ2022,US91282CDB46,0.908,2022
TYH2022,US912828ZQ64,0.6624,2022
TYM2022,US91282CAE12,0.6624,2022
TYU2022,US91282CAV37,0.6781,2022
TYZ2022,US91282CBL46,0.6938,2022
FVH2022,US91282CDK45,0.8091,2022
FVM2022,US91282CEC10,0.8342,2022
FVU2022,US91282CET45,0.8643,2022
FVZ2022,US91282CFH97,0.8844,2022
TUH2022,US91282CBM29,0.8951,2022
TUM2022,US91282CCG42,0.8931,2022
TUU2022,US91282CCT62,0.8996,2022
TUZ2022,US91282CDH16,0.9063,2022
TYH2022,US91282CAE12,0.6542,2022
TYM2022,US91282CAV37,0.6703,2022
TYU2022,US91282CBL46,0.6864,2022
TYZ2022,US91282CCB54,0.7185,2022
FVH2022,US91282CDQ15,0.8062,2022
FVM2022,US91282CEF41,0.8571,2022
FVU2022,US91282CEW73,0.8877,2022
FVZ2022,US91282CFM82,0.9234,2022
TUH2022,US91282CBR16,0.8931,2022
TUM2022,US91282CEG24,0.9385,2022
TUU2022,US91282CCX74,0.8955,2022
TUZ2022,US91282CDN83,0.9071,2022
TYH2022,US91282CAV37,0.6626,2022
TYM2022,US91282CBL46,0.6791,2022
TYU2022,US91282CCB54,0.712,2022
TYZ2022,US91282CCS89,0.6873,2022
FVH2022,US91282CEC10,0.8266,2022
FVM2022,US91282CEN74,0.8653,2022
FVU2022,US91282CFB28,0.8653,2022
FVZ2022,US91282CFU09,0.9223,2022
TUH2022,US91282CDR97,0.914,2022
TUM2022,US91282CEK36,0.94,2022
TUU2022,US91282CEX56,0.9508,2022
TUZ2022,US91282CFN65,0.9713,2022
TYH2022,US91282CBL46,0.6718,2022
TYM2022,US91282CCB54,0.7055,2022
TYU2022,US91282CCS89,0.6803,2022
TYZ2022,US91282CDJ71,0.6887,2022
FVH2022,US91282CEF41,0.8507,2022
FVM2022,US91282CET45,0.8581,2022
FVU2022,US91282CFH97,0.8791,2022
FVZ2022,US91282CFZ95,0.9106,2022
TUH2022,US91282CDV00,0.9122,2022
TUM2022,US91282CER88,0.9375,2022
TUU2022,US91282CFA45,0.9486,2022
TUZ2022,US91282CFQ96,0.9721,2022
TYH2022,US91282CCB54,0.6991,2022
TYM2022,US91282CCS89,0.6734,2022
TYU2022,US91282CDJ71,0.682,2022
TYZ2022,US91282CDY49,0.7163,2022
FVM2022,US91282CEW73,0.8827,2022
FVU2022,US91282CFM82,0.92,2022
TUH2022,US91282CEA53,0.9196,2022
TUM2022,US91282CEX56,0.9442,2022
TUU2022,US91282CFG15,0.9509,2022
TUZ2022,US91282CFX48,0.9732,2022
TYH2022,US91282CCS89,0.6665,2022
TYM2022,US91282CDJ71,0.6753,2022
TYU2022,US91282CDY49,0.7104,2022
TYZ2022,US91282CEP23,0.7806,2022
TUH2022,US91282CEG24,0.9303,2022
TUU2022,US91282CFN65,0.9675,2022
TYH2022,US91282CCY57,0.7474,2022
TYM2022,US91282CDP32,0.7541,2022
TYU2022,US91282CEE75,0.8072,2022
TYZ2022,US91282CEV90,0.8538,2022
TYH2022,US91282CDF59,0.7541,2022
TYM2022,US91282CDW82,0.774,2022
TYU2022,US91282CEM91,0.8338,2022
TYZ2022,US91282CFC01,0.8205,2022
TYH2022,US91282CDJ71,0.6688,2022
TYM2022,US91282CDY49,0.7046,2022
TYU2022,US91282CEP23,0.7762,2022
TYZ2022,US91282CFF32,0.7672,2022
TYH2022,US91282CDL28,0.7607,2022
TYM2022,US91282CEB37,0.7807,2022
TYU2022,US91282CES61,0.8272,2022
TYZ2022,US91282CFJ53,0.8471,2022
TYH2022,US91282CDP32,0.7463,2022
TYM2022,US91282CEE75,0.8012,2022
TYU2022,US91282CEV90,0.8491,2022
TYZ2022,US91282CFL00,0.8834,2022
TYH2022,US91282CDW82,0.7669,2022
TYM2022,US91282CEM91,0.8286,2022
TYU2022,US91282CFC01,0.8149,2022
TYZ2022,US91282CFT36,0.8902,2022
TYH2022,US91282CDY49,0.6988,2022
TYM2022,US91282CEP23,0.7718,2022
TYU2022,US91282CFF32,0.7627,2022
TYZ2022,US91282CFV81,0.863,2022
TYH2022,US91282CEB37,0.7738,2022
TYM2022,US91282CES61,0.8217,2022
TYU2022,US91282CFJ53,0.8423,2022
TYZ2022,US91282CFY21,0.8834,2022
TYH2023,US912828YS30,0.774,2023
TYM2023,US912828Z948,0.7607,2023
TYU2023,US912828ZQ64,0.7142,2023
TYZ2023,US91282CAE12,0.7142,2023
FVH2023,US91282CET45,0.8771,2023
FVM2023,US91282CFH97,0.8953,2023
FVU2023,US91282CFZ95,0.9226,2023
FVZ2023,US91282CGP05,0.9272,2023
TUH2023,US912828YY08,0.9303,2023
TUM2023,US912828ZF00,0.9099,2023
TUU2023,US912828ZW33,0.9058,2023
TUZ2023,US91282CAM38,0.9058,2023
TYH2023,US912828Z948,0.7532,2023
TYM2023,US912828ZQ64,0.7052,2023
TYU2023,US91282CAE12,0.7052,2023
TYZ2023,US91282CAV37,0.7189,2023
FVH2023,US91282CEW73,0.8981,2023
FVM2023,US91282CFM82,0.9305,2023
FVU2023,US91282CGC91,0.9212,2023
FVZ2023,US91282CGT27,0.912,2023
TUH2023,US912828Z526,0.9208,2023
TUM2023,US912828ZL77,0.9037,2023
TUU2023,US91282CAB72,0.9016,2023
TUZ2023,US91282CAT80,0.9016,2023
TYH2023,US912828ZQ64,0.6964,2023
TYM2023,US91282CAE12,0.6964,2023
TYU2023,US91282CAV37,0.7105,2023
TYZ2023,US91282CBL46,0.7247,2023
FVH2023,US91282CFB28,0.8775,2023
FVM2023,US91282CFU09,0.9293,2023
FVU2023,US91282CGH88,0.9058,2023
FVZ2023,US91282CHA27,0.9058,2023
TUH2023,US912828ZC78,0.9129,2023
TUM2023,US912828ZT04,0.8973,2023
TUU2023,US91282CAJ09,0.8973,2023
TUZ2023,US91282CAZ41,0.8996,2023
TYH2023,US91282CAE12,0.6877,2023
TYM2023,US91282CAV37,0.7022,2023
TYU2023,US91282CBL46,0.7168,2023
TYZ2023,US91282CCB54,0.7458,2023
FVH2023,US91282CFH97,0.8899,2023
FVM2023,US91282CFZ95,0.9186,2023
FVU2023,US91282CGP05,0.9234,2023
FVZ2023,US91282CHE49,0.909,2023
TUH2023,US912828ZF00,0.8978,2023
TUM2023,US912828ZW33,0.8931,2023
TUU2023,US91282CAM38,0.8931,2023
TUZ2023,US91282CBC47,0.8955,2023
TYH2023,US91282CAV37,0.6941,2023
TYM2023,US91282CBL46,0.709,2023
TYU2023,US91282CCB54,0.7389,2023
TYZ2023,US91282CCS89,0.7165,2023
FVH2023,US91282CFM82,0.927,2023
FVM2023,US91282CGC91,0.9173,2023
FVU2023,US91282CGT27,0.9075,2023
FVZ2023,US91282CHK09,0.9221,2023
TUH2023,US91282CDN83,0.9181,2023
TUM2023,US91282CED92,0.9303,2023
TUU2023,US91282CEU18,0.9488,2023
TUZ2023,US91282CFK27,0.959,2023
TYH2023,US91282CBL46,0.7013,2023
TYM2023,US91282CCB54,0.732,2023
TYU2023,US91282CCS89,0.709,2023
TYZ2023,US91282CDJ71,0.7167,2023
FVH2023,US91282CFU09,0.9258,2023
FVM2023,US91282CGH88,0.9011,2023
FVU2023,US91282CHA27,0.9011,2023
FVZ2023,US91282CHQ78,0.9258,2023
TUH2023,US91282CDS70,0.9165,2023
TUM2023,US91282CEH07,0.9422,2023
TUU2023,US91282CEY30,0.9486,2023
TUZ2023,US91282CFP14,0.97,2023
TYH2023,US91282CCB54,0.7252,2023
TYM2023,US91282CCS89,0.7017,2023
TYU2023,US91282CGS44,0.8737,2023
TYZ2023,US91282CHJ36,0.8804,2023
FVH2023,US91282CFZ95,0.9145,2023
FVM2023,US91282CGP05,0.9196,2023
FVU2023,US91282CHE49,0.9045,2023
FVZ2023,US91282CHX20,0.9346,2023
TUH2023,US91282CDZ14,0.9196,2023
TUM2023,US91282CEQ06,0.9419,2023
TUU2023,US91282CFE66,0.9486,2023
TUZ2023,US91282CFW64,0.9732,2023
TYH2023,US91282CCS89,0.6944,2023
TYM2023,US91282CDJ71,0.7025,2023
TYU2023,US91282CGZ86,0.8671,2023
TYZ2023,US91282CHR51,0.8937,2023
FVH2023,US91282CGC91,0.9132,2023
FVM2023,US91282CGT27,0.903,2023
FVU2023,US91282CHK09,0.9183,2023
FVZ2023,US91282CJA09,0.9438,2023
TUH2023,US91282CED92,0.921,2023
TUM2023,US91282CEU18,0.9419,2023
TUU2023,US91282CFK27,0.9535,2023
TUZ2023,US91282CGA36,0.9628,2023
TYH2023,US91282CDJ71,0.6955,2023
TYM2023,US91282CDY49,0.7284,2023
TYU2023,US91282CHF14,0.8804,2023
TYZ2023,US91282CHW47,0.9003,2023
FVH2023,US91282CGH88,0.8964,2023
FVM2023,US91282CHA27,0.8964,2023
FVU2023,US91282CHQ78,0.9223,2023
FVZ2023,US91282CJF95,0.9533,2023
TUH2023,US91282CGD74,0.9713,2023
TUM2023,US91282CGU99,0.9651,2023
TUU2023,US91282CHL81,0.9774,2023
TUZ2023,US91282CJB81,0.9835,2023
TYH2023,US91282CDY49,0.7223,2023
TYM2023,US91282CEP23,0.7896,2023
TYU2023,US91282CHJ36,0.8765,2023
TYZ2023,US91282CHZ77,0.9245,2023
FVH2023,US91282CGP05,0.9159,2023
FVM2023,US91282CHE49,0.9001,2023
FVU2023,US91282CHX20,0.9316,2023
FVZ2023,US91282CJN20,0.9316,2023
TUH2023,US91282CGG06,0.9678,2023
TUM2023,US91282CGX39,0.9636,2023
TUU2023,US91282CHN48,0.9785,2023
TUZ2023,US91282CJE21,0.9828,2023
TYH2023,US91282CEP23,0.7851,2023
TYM2023,US91282CFF32,0.7765,2023
TYU2023,US91282CHR51,0.8902,2023
TYZ2023,US91282CJG78,0.9382,2023
FVH2023,US91282CGT27,0.8987,2023
FVM2023,US91282CHK09,0.9147,2023
FVZ2023,US91282CJR34,0.904,2023
TUH2023,US91282CGN56,0.9754,2023
TUM2023,US91282CHD65,0.9687,2023
TUU2023,US91282CHV63,0.9821,2023
TUZ2023,US91282CJL63,0.9799,2023
TYH2023,US91282CFF32,0.7718,2023
TYM2023,US91282CFV81,0.8683,2023
TYU2023,US91282CHW47,0.8971,2023
TYZ2023,US91282CJM47,0.9108,2023
TUH2023,US91282CGU99,0.9605,2023
TUM2023,US91282CHL81,0.9744,2023
TUZ2023,US91282CJS17,0.9675,2023
TYH2023,US91282CFL00,0.887,2023
TYM2023,US91282CGB19,0.887,2023
TYH2023,US91282CFT36,0.8937,2023
TYM2023,US91282CGJ45,0.8671,2023
TYH2023,US91282CFV81,0.8657,2023
TYM2023,US91282CGM73,0.821,2023
TYH2023,US91282CFY21,0.887,2023
TYM2023,US91282CGQ87,0.8937,2023
TYH2023,US91282CGB19,0.8834,2023
TYM2023,US91282CGS44,0.8697,2023
TYH2023,US91282CGJ45,0.8628,2023
TYM2023,US91282CGZ86,0.8628,2023
TYH2023,US91282CGM73,0.8174,2023
TYM2023,US91282CHC82,0.8083,2023
TYH2023,US91282CGQ87,0.8902,2023
TYM2023,US91282CHF14,0.8765,2023
TYH2024,US91282CAV37,0.7275,2024
TYM2024,US91282CBL46,0.7408,2024
TYU2024,US91282CCB54,0.7674,2024
TYZ2024,US91282CCS89,0.7474,2024
FVH2024,US91282CHE49,0.9135,2024
FVM2024,US91282CHX20,0.9408,2024
FVU2024,US91282CJN20,0.9408,2024
FVZ2024,US91282CKD29,0.9363,2024
TUH2024,US91282CBC47,0.9079,2024
TUM2024,US91282CBT71,0.914,2024
TUU2024,US91282CCJ80,0.916,2024
TUZ2024,US91282CCZ23,0.916,2024
TYH2024,US91282CBL46,0.7326,2024
TYM2024,US91282CCB54,0.76,2024
TYU2024,US91282CCS89,0.7395,2024
TYZ2024,US91282CDJ71,0.7463,2024
FVH2024,US91282CHK09,0.9259,2024
FVM2024,US91282CJA09,0.949,2024
FVU2024,US91282CJR34,0.9166,2024
FVZ2024,US91282CKG59,0.9305,2024
TUH2024,US91282CBH34,0.9037,2024
TUM2024,US91282CBW01,0.9101,2024
TUU2024,US91282CCP41,0.908,2024
TUZ2024,US91282CDG33,0.9165,2024
TYH2024,US91282CCB54,0.7529,2024
TYM2024,US91282CCS89,0.7317,2024
TYU2024,US91282CDJ71,0.7388,2024
TYZ2024,US91282CDY49,0.767,2024
FVH2024,US91282CHQ78,0.9293,2024
FVM2024,US91282CJF95,0.9575,2024
FVU2024,US91282CJW29,0.9246,2024
FVZ2024,US91282CKP58,0.9481,2024
TUH2024,US91282CBQ33,0.9018,2024
TUM2024,US91282CCF68,0.9063,2024
TUU2024,US91282CCW91,0.9063,2024
TUZ2024,US91282CDK45,0.9152,2024
TYH2024,US91282CCS89,0.724,2024
TYM2024,US91282CDJ71,0.7313,2024
TYU2024,US91282CDY49,0.7603,2024
TYZ2024,US91282CEP23,0.8184,2024
FVH2024,US91282CHX20,0.9377,2024
FVM2024,US91282CJN20,0.9377,2024
FVU2024,US91282CKD29,0.9329,2024
FVZ2024,US91282CKT70,0.9425,2024
TUH2024,US91282CBT71,0.9024,2024
TUM2024,US91282CCJ80,0.9047,2024
TUU2024,US91282CCZ23,0.9047,2024
TUZ2024,US91282CDQ15,0.9117,2024
TYH2024,US91282CDJ71,0.7239,2024
TYM2024,US91282CDY49,0.7538,2024
TYU2024,US91282CEP23,0.8135,2024
TYZ2024,US91282CFF32,0.806,2024
FVH2024,US91282CJA09,0.9465,2024
FVM2024,US91282CJR34,0.9124,2024
FVU2024,US91282CKG59,0.927,2024
FVZ2024,US91282CKX82,0.9319,2024
TUH2024,US91282CGA36,0.9672,2024
TUM2024,US91282CGR60,0.9774,2024
TUU2024,US91282CHH79,0.9692,2024
TUZ2024,US91282CHY03,0.9774,2024
TYH2024,US91282CDY49,0.7473,2024
TYM2024,US91282CEP23,0.8085,2024
TYU2024,US91282CFF32,0.8009,2024
TYZ2024,US91282CFV81,0.8851,2024
FVH2024,US91282CJF95,0.9554,2024
FVM2024,US91282CJW29,0.9208,2024
FVU2024,US91282CKP58,0.9456,2024
FVZ2024,US91282CLC37,0.9208,2024
TUH2024,US91282CGE57,0.9636,2024
TUM2024,US91282CGV72,0.9614,2024
TUU2024,US91282CHM64,0.9742,2024
TUZ2024,US91282CJC64,0.9764,2024
TYH2024,US91282CHZ77,0.9269,2024
TYM2024,US91282CJQ50,0.8804,2024
TYU2024,US91282CKF76,0.9003,2024
TYZ2024,US91282CKW00,0.9069,2024
FVH2024,US91282CJN20,0.9346,2024
FVM2024,US91282CKD29,0.9296,2024
FVU2024,US91282CKT70,0.9397,2024
FVZ2024,US91282CLK52,0.9045,2024
TUH2024,US91282CGL90,0.9643,2024
TUM2024,US91282CHB00,0.9576,2024
TUU2024,US91282CHU80,0.9709,2024
TUZ2024,US91282CJK80,0.9754,2024
TYH2024,US91282CJG78,0.9402,2024
TYM2024,US91282CJX02,0.8937,2024
TYU2024,US91282CKN01,0.9269,2024
TYZ2024,US91282CLD10,0.9003,2024
FVH2024,US91282CJR34,0.9081,2024
FVM2024,US91282CKG59,0.9234,2024
FVU2024,US91282CKX82,0.9285,2024
FVZ2024,US91282CLN91,0.8979,2024
TUH2024,US91282CGR60,0.9744,2024
TUM2024,US91282CHH79,0.9652,2024
TUU2024,US91282CHY03,0.9744,2024
TUZ2024,US91282CJP77,0.9698,2024
TYH2024,US91282CJM47,0.9136,2024
TYM2024,US91282CKC46,0.9069,2024
TYU2024,US91282CKU44,0.9269,2024
TYZ2024,US91282CLJ89,0.8804,2024
FVH2024,US91282CJW29,0.9171,2024
FVM2024,US91282CKP58,0.943,2024
FVU2024,US91282CLC37,0.9171,2024
FVZ2024,US91282CLR06,0.9223,2024
TUH2024,US91282CJS17,0.9713,2024
TUM2024,US91282CKH33,0.9753,2024
TUU2024,US91282CKY65,0.9774,2024
TUZ2024,US91282CLP40,0.959,2024
TYH2024,US91282CJQ50,0.8765,2024
TYM2024,US91282CKF76,0.8971,2024
TYU2024,US91282CKW00,0.904,2024
TYZ2024,US91282CLM19,0.8697,2024
FVH2024,US91282CKD29,0.9264,2024
FVM2024,US91282CKT70,0.9369,2024
FVU2024,US91282CLK52,0.9001,2024
FVZ2024,US91282CMA61,0.9211,2024
TUH2024,US91282CJV46,0.97,2024
TUM2024,US91282CKK61,0.9807,2024
TUU2024,US91282CLB53,0.9721,2024
TUZ2024,US91282CLS88,0.9678,2024
TYH2024,US91282CJX02,0.8902,2024
TYM2024,US91282CKN01,0.9245,2024
TYU2024,US91282CLD10,0.8971,2024
TYZ2024,US91282CLU35,0.8971,2024
FVM2024,US91282CKX82,0.9254,2024
FVU2024,US91282CLN91,0.8934,2024
FVZ2024,US91282CMD01,0.9307,2024
TUH2024,US91282CKB62,0.9754,2024
TUM2024,US91282CKS97,0.9799,2024
TUU2024,US91282CLH24,0.9598,2024
TUZ2024,US91282CLY56,0.9687,2024
TYH2024,US91282CKC46,0.904,2024
TYM2024,US91282CKU44,0.9245,2024
TYU2024,US91282CLJ89,0.8765,2024
TYZ2024,US91282CLZ22,0.8971,2024
TUH2024,US91282CKH33,0.9721,2024
TUM2024,US91282CKY65,0.9744,2024
TUU2024,US91282CLP40,0.9535,2024
TUZ2024,US91282CME83,0.9675,2024
TYH2025,US91282CDJ71,0.7541,2025
TYM2025,US91282CDY49,0.7807,2025
TYU2025,US91282CEP23,0.8338,2025
TYZ2025,US91282CFF32,0.8272,2025
FVH2025,US91282CGQ87,0.9159,2025
FVM2025,US91282CGQ87,0.9196,2025
FVU2025,US91282CGQ87,0.9234,2025
FVZ2025,US91282CGQ87,0.9272,2025
TUH2025,US912828Z781,0.9229,2025
TUM2025,US91282CEF41,0.9426,2025
TUU2025,US91282CEW73,0.9549,2025
TUZ2025,US91282CFM82,0.9692,2025
TYH2025,US91282CDY49,0.7738,2025
TYM2025,US91282CEP23,0.8286,2025
TYU2025,US91282CFF32,0.8217,2025
TYZ2025,US91282CFV81,0.8971,2025
FVH2025,US91282CKT70,0.9453,2025
FVM2025,US91282CLK52,0.9135,2025
FVU2025,US91282CMA61,0.9317,2025
FVZ2025,US91282CMU26,0.9259,2025
TUH2025,US91282CDQ15,0.9222,2025
TUM2025,US91282CEN74,0.9443,2025
TUU2025,US91282CFB28,0.9443,2025
TUZ2025,US91282CFU09,0.9678,2025
TYH2025,US91282CEP23,0.8235,2025
TYM2025,US91282CFF32,0.8164,2025
TYU2025,US91282CFV81,0.8941,2025
TYZ2025,US91282CGM73,0.8588,2025
FVH2025,US91282CKX82,0.9351,2025
FVM2025,US91282CLN91,0.9074,2025
FVU2025,US91282CMD01,0.9397,2025
FVZ2025,US91282CMZ13,0.9199,2025
TUH2025,US91282CEC10,0.9263,2025
TUM2025,US91282CET45,0.9397,2025
TUU2025,US91282CFH97,0.9486,2025
TUZ2025,US91282CFZ95,0.962,2025
TYH2025,US91282CFF32,0.8111,2025
TYM2025,US91282CFV81,0.891,2025
TYU2025,US91282CGM73,0.8547,2025
TYZ2025,US91282CHC82,0.8474,2025
FVH2025,US91282CLC37,0.9246,2025
FVM2025,US91282CLR06,0.9293,2025
FVU2025,US91282CMG32,0.934,2025
FVZ2025,US91282CNG23,0.9234,2025
TUH2025,US91282CEF41,0.935,2025
TUM2025,US91282CEW73,0.9489,2025
TUU2025,US91282CFM82,0.9652,2025
TUZ2025,US91282CGC91,0.9605,2025
TYH2025,US91282CFV81,0.8881,2025
TYM2025,US91282CGM73,0.8508,2025
TYU2025,US91282CHC82,0.8433,2025
TYZ2025,US91282CHT18,0.8732,2025
FVH2025,US91282CLK52,0.909,2025
FVM2025,US91282CMA61,0.9281,2025
FVU2025,US91282CMU26,0.9221,2025
FVZ2025,US91282CNK35,0.9173,2025
TUH2025,US91282CJP77,0.9733,2025
TUM2025,US91282CKE02,0.9713,2025
TUU2025,US91282CKV27,0.9774,2025
TUZ2025,US91282CLL36,0.9569,2025
TYH2025,US91282CGM73,0.8468,2025
TYM2025,US91282CHC82,0.8391,2025
TYU2025,US91282CHT18,0.8698,2025
TYZ2025,US91282CJJ18,0.908,2025
FVH2025,US91282CLN91,0.9027,2025
FVM2025,US91282CMD01,0.9367,2025
FVU2025,US91282CMZ13,0.9159,2025
FVZ2025,US91282CNN73,0.9159,2025
TUH2025,US91282CJT99,0.9657,2025
TUM2025,US91282CKJ98,0.9742,2025
TUU2025,US91282CKZ31,0.9721,2025
TUZ2025,US91282CLQ23,0.9636,2025
TYH2025,US91282CLM19,0.8737,2025
TYM2025,US91282CMC28,0.9202,2025
TYU2025,US91282CMT52,0.9003,2025
TYZ2025,US91282CNJ61,0.8937,2025
FVH2025,US91282CLR06,0.9258,2025
FVM2025,US91282CMG32,0.9307,2025
FVU2025,US91282CNG23,0.9196,2025
FVZ2025,US91282CNX55,0.9045,2025
TUH2025,US91282CKA89,0.9665,2025
TUM2025,US91282CKR15,0.9732,2025
TUU2025,US91282CLG41,0.9598,2025
TUZ2025,US91282CLX73,0.9665,2025
TYH2025,US91282CLU35,0.9003,2025
TYM2025,US91282CMK44,0.9136,2025
TYU2025,US91282CNA52,0.8937,2025
TYZ2025,US91282CNR87,0.8937,2025
FVH2025,US91282CMA61,0.9246,2025
FVM2025,US91282CMU26,0.9183,2025
FVU2025,US91282CNK35,0.9132,2025
FVZ2025,US91282CPA35,0.903,2025
TUH2025,US91282CKE02,0.9675,2025
TUM2025,US91282CKV27,0.9744,2025
TUU2025,US91282CLL36,0.9512,2025
TUZ2025,US91282CMB45,0.9628,2025
TYH2025,US91282CLZ22,0.9003,2025
TYM2025,US91282CMR96,0.9003,2025
TYU2025,US91282CNF40,0.9003,2025
TYZ2025,US91282CNW72,0.887,2025
FVH2025,US91282CMD01,0.9336,2025
FVM2025,US91282CMZ13,0.9119,2025
FVU2025,US91282CNN73,0.9119,2025
FVZ2025,US91282CPD73,0.9016,2025
TUH2025,US91282CME83,0.9713,2025
TUM2025,US91282CMV09,0.9651,2025
TUU2025,US91282CNL18,0.9631,2025
TUZ2025,US91282CPB18,0.959,2025
TYH2025,US91282CMC28,0.9177,2025
TYM2025,US91282CMT52,0.8971,2025
TYU2025,US91282CNJ61,0.8902,2025
TYZ2025,US91282CNZ04,0.8834,2025
FVH2025,US91282CMG32,0.9274,2025
FVM2025,US91282CNG23,0.9159,2025
FVU2025,US91282CNX55,0.9001,2025
FVZ2025,US91282CPN55,0.8949,2025
TUH2025,US91282CMH15,0.9678,2025
TUM2025,US91282CMY48,0.9614,2025
TUU2025,US91282CNP22,0.9636,2025
TUZ2025,US91282CPE56,0.9571,2025
TYH2025,US91282CMK44,0.9108,2025
TYM2025,US91282CNA52,0.8902,2025
TYU2025,US91282CNR87,0.8902,2025
TYZ2025,US91282CPF22,0.8765,2025
FVH2025,US91282CMU26,0.9147,2025
FVM2025,US91282CNK35,0.9094,2025
FVU2025,US91282CPA35,0.8987,2025
FVZ2025,US91282CPR69,0.8987,2025
TUH2025,US91282CMP31,0.9665,2025
TUM2025,US91282CNE74,0.962,2025
TUU2025,US91282CNV99,0.9576,2025
TUZ2025,US91282CPL99,0.9531,2025
TYH2025,US91282CMR96,0.8971,2025
TYM2025,US91282CNF40,0.8971,2025
TYU2025,US91282CNW72,0.8834,2025
TYZ2025,US91282CPM72,0.8765,2025
TUH2025,US91282CMV09,0.9605,2025
TUM2025,US91282CNL18,0.9582,2025
TUU2025,US91282CPB18,0.9535,2025
TUZ2025,US91282CPS43,0.9512,2025
