Bond_ID,Maturity Date,Coupon Rate,Coupon Frequency,Coupon Type,First Coupon Date,Last Coupon Date,Issue Date
US9128286L99,2026-03-31,2.25,2,FXPV,2019-09-30,2025-09-30,2019-04-01
US912828D804,2019-08-31,1.625,2,FXPV,2015-02-28,2019-02-28,2014-09-02
US91282CDM01,2023-11-30,0.5,2,FXPV,2022-05-31,2023-05-31,2021-11-30
US912828S430,2019-07-15,0.75,2,FXPV,2017-01-15,2019-01-15,2016-07-15
US9128284S60,2023-05-31,2.75,2,FXPV,2018-11-30,2022-11-30,2018-05-31
US91282CDN83,2024-12-15,1.0,2,FXPV,2022-06-15,2024-06-15,2021-12-15
US91282CNP22,2027-07-31,3.875,2,FXPV,2026-01-31,2027-01-31,2025-07-31
US91282CMV09,2027-03-31,3.875,2,FXPV,2025-09-30,2026-09-30,2025-03-31
US91282CLB53,2026-07-31,4.375,2,FXPV,2025-01-31,2026-01-31,2024-07-31
US91282CDH16,2024-11-15,0.75,2,FXPV,2022-05-15,2024-05-15,2021-11-15
US91282CJC64,2026-10-15,4.625,2,FXPV,2024-04-15,2026-04-15,2023-10-16
US9128284U17,2023-06-30,2.625,2,FXPV,2018-12-31,2022-12-31,2018-07-02
US9128285N64,2025-11-30,2.875,2,FXPV,2019-05-31,2025-05-31,2018-11-30
US9128285V80,2022-01-15,2.5,2,FXPV,2019-07-15,2021-07-15,2019-01-15
US912828P790,2023-02-28,1.5,2,FXPV,2016-08-31,2022-08-31,2016-02-29
US91282CAH43,2027-08-31,0.5,2,FXPV,2021-02-28,2027-02-28,2020-08-31
US91282CEC10,2027-02-28,1.875,2,FXPV,2022-08-31,2026-08-31,2022-02-28
US91282CGQ87,2030-02-28,4.0,2,FXPV,2023-08-31,2029-08-31,2023-02-28
US912828R853,2019-06-15,0.875,2,FXPV,2016-12-15,2018-12-15,2016-06-15
US912828T834,2018-10-31,0.75,2,FXPV,2017-04-30,2018-04-30,2016-10-31
US91282CLS88,2026-10-31,4.125,2,FXPV,2025-04-30,2026-04-30,2024-10-31
US91282CGH88,2028-01-31,3.5,2,FXPV,2023-07-31,2027-07-31,2023-01-31
US91282CGX39,2025-04-30,3.875,2,FXPV,2023-10-31,2024-10-31,2023-05-01
US91282CPR69,2030-12-31,3.625,2,FXPV,2026-06-30,2030-06-30,2025-12-31
US9128285C00,2025-09-30,3.0,2,FXPV,2019-03-31,2025-03-31,2018-10-01
US9128284W72,2021-08-15,2.75,2,FXPV,2019-02-15,2021-02-15,2018-08-15
US912828RE27,2018-08-31,1.5,2,FXPV,2012-02-29,2018-02-28,2011-08-31
US912828ZA13,2022-02-28,1.125,2,FXPV,2020-08-31,2021-08-31,2020-03-02
US912828YZ72,2021-12-31,1.625,2,FXPV,2020-06-30,2021-06-30,2019-12-31
US9128285P13,2023-11-30,2.875,2,FXPV,2019-05-31,2023-05-31,2018-11-30
US9128283C28,2022-10-31,2.0,2,FXPV,2018-04-30,2022-04-30,2017-10-31
US9128284A52,2023-02-28,2.625,2,FXPV,2018-08-31,2022-08-31,2018-02-28
US91282CKV27,2027-06-15,4.625,2,FXPV,2024-12-15,2026-12-15,2024-06-17
US91282CPM72,2032-11-30,3.75,2,FXPV,2026-05-31,2032-05-31,2025-12-01
US91282CHJ36,2030-06-30,3.75,2,FXPV,2023-12-31,2029-12-31,2023-06-30
US91282CAN11,2022-09-30,0.125,2,FXPV,2021-03-31,2022-03-31,2020-09-30
US91282CCW91,2026-08-31,0.75,2,FXPV,2022-02-28,2026-02-28,2021-08-31
US91282CFQ96,2024-10-31,4.375,2,FXPV,2023-04-30,2024-04-30,2022-10-31
US91282CCY57,2028-09-30,1.25,2,FXPV,2022-03-31,2028-03-31,2021-09-30
US912828YJ31,2021-09-30,1.5,2,FXPV,2020-03-31,2021-03-31,2019-09-30
US9128284L18,2023-04-30,2.75,2,FXPV,2018-10-31,2022-10-31,2018-04-30
US91282CCK53,2023-06-30,0.125,2,FXPV,2021-12-31,2022-12-31,2021-06-30
US91282CBR16,2024-03-15,0.25,2,FXPV,2021-09-15,2023-09-15,2021-03-15
US91282CAL54,2027-09-30,0.375,2,FXPV,2021-03-31,2027-03-31,2020-09-30
US912828X885,2027-05-15,2.375,2,FXPV,2017-11-15,2026-11-15,2017-05-15
US912828WL05,2019-05-31,1.5,2,FXPV,2014-11-30,2018-11-30,2014-06-02
US91282CFV81,2032-11-15,4.125,2,FXPV,2023-05-15,2032-05-15,2022-11-15
US91282CGV72,2026-04-15,3.75,2,FXPV,2023-10-15,2025-10-15,2023-04-17
US912828V236,2023-12-31,2.25,2,FXPV,2017-06-30,2023-06-30,2017-01-03
US91282CCE93,2028-05-31,1.25,2,FXPV,2021-11-30,2027-11-30,2021-06-01
US91282CJR34,2028-12-31,3.75,2,FXPV,2024-06-30,2028-06-30,2024-01-02
US912828XM78,2020-07-31,1.625,2,FXPV,2016-01-31,2020-01-31,2015-07-31
US91282CLM19,2031-09-30,3.625,2,FXPV,2025-03-31,2031-03-31,2024-09-30
US912828J272,2025-02-15,2.0,2,FXPV,2015-08-15,2024-08-15,2015-02-17
US912828D564,2024-08-15,2.375,2,FXPV,2015-02-15,2024-02-15,2014-08-15
US912828M490,2022-10-31,1.875,2,FXPV,2016-04-30,2022-04-30,2015-11-02
US912828XY17,2020-06-30,2.5,2,FXPV,2018-12-31,2019-12-31,2018-07-02
US912828J504,2020-02-29,1.375,2,FXPV,2015-08-31,2019-08-31,2015-03-02
US9128283D01,2024-10-31,2.25,2,FXPV,2018-04-30,2024-04-30,2017-10-31
US912828R697,2023-05-31,1.625,2,FXPV,2016-11-30,2022-11-30,2016-05-31
US912828L815,2018-10-15,0.875,2,FXPV,2016-04-15,2018-04-15,2015-10-15
US9128282Y56,2024-09-30,2.125,2,FXPV,2018-03-31,2024-03-31,2017-10-02
US91282CFC01,2029-07-31,2.625,2,FXPV,2023-01-31,2029-01-31,2022-08-01
US912828U402,2018-11-30,1.0,2,FXPV,2017-05-31,2018-05-31,2016-11-30
US9128284V99,2028-08-15,2.875,2,FXPV,2019-02-15,2028-02-15,2018-08-15
US912828ZX16,2022-06-30,0.125,2,FXPV,2020-12-31,2021-12-31,2020-06-30
US912828B337,2019-01-31,1.5,2,FXPV,2014-07-31,2018-07-31,2014-01-31
US9128283Z13,2025-02-28,2.75,2,FXPV,2018-08-31,2024-08-31,2018-02-28
US91282CKY65,2026-06-30,4.625,2,FXPV,2024-12-31,2025-12-31,2024-07-01
US912828Q947,2018-04-30,0.75,2,FXPV,2016-10-31,2017-10-31,2016-05-02
US912828Q459,2018-03-31,0.875,2,FXPV,2016-09-30,2017-09-30,2016-03-31
US91282CGT27,2028-03-31,3.625,2,FXPV,2023-09-30,2027-09-30,2023-03-31
US912828YS30,2029-11-15,1.75,2,FXPV,2020-05-15,2029-05-15,2019-11-15
US912828S273,2021-06-30,1.125,2,FXPV,2016-12-31,2020-12-31,2016-06-30
US912828XV77,2019-06-30,1.25,2,FXPV,2017-12-31,2018-12-31,2017-06-30
US91282CDD02,2023-10-31,0.375,2,FXPV,2022-04-30,2023-04-30,2021-11-01
US91282CAJ09,2025-08-31,0.25,2,FXPV,2021-02-28,2025-02-28,2020-08-31
US91282CHX20,2028-08-31,4.375,2,FXPV,2024-02-29,2028-02-29,2023-08-31
US912828VQ01,2018-07-31,1.375,2,FXPV,2014-01-31,2018-01-31,2013-07-31
US9128287B09,2026-06-30,1.875,2,FXPV,2019-12-31,2025-12-31,2019-07-01
US9128286U98,2022-05-15,2.125,2,FXPV,2019-11-15,2021-11-15,2019-05-15
US91282CJS17,2025-12-31,4.25,2,FXPV,2024-06-30,2025-06-30,2024-01-02
US91282CAV37,2030-11-15,0.875,2,FXPV,2021-05-15,2030-05-15,2020-11-16
US912828ZE35,2027-03-31,0.625,2,FXPV,2020-09-30,2026-09-30,2020-03-31
US91282CCP41,2026-07-31,0.625,2,FXPV,2022-01-31,2026-01-31,2021-08-02
US912828YH74,2024-09-30,1.5,2,FXPV,2020-03-31,2024-03-31,2019-09-30
US91282CKX82,2029-06-30,4.25,2,FXPV,2024-12-31,2028-12-31,2024-07-01
US91282CKR15,2027-05-15,4.5,2,FXPV,2024-11-15,2026-11-15,2024-05-15
US91282CKB62,2026-02-28,4.625,2,FXPV,2024-08-31,2025-08-31,2024-02-29
US912828S927,2023-07-31,1.25,2,FXPV,2017-01-31,2023-01-31,2016-08-01
US91282CLD10,2031-07-31,4.125,2,FXPV,2025-01-31,2031-01-31,2024-07-31
US91282CLU35,2031-10-31,4.125,2,FXPV,2025-04-30,2031-04-30,2024-10-31
US91282CFU09,2027-10-31,4.125,2,FXPV,2023-04-30,2027-04-30,2022-10-31
US91282CER88,2024-05-31,2.5,2,FXPV,2022-11-30,2023-11-30,2022-05-31
US91282CJQ50,2030-12-31,3.75,2,FXPV,2024-06-30,2030-06-30,2024-01-02
US912828ZC78,2025-02-28,1.125,2,FXPV,2020-08-31,2024-08-31,2020-03-02
US912828V806,2024-01-31,2.25,2,FXPV,2017-07-31,2023-07-31,2017-01-31
US91282CBJ99,2028-01-31,0.75,2,FXPV,2021-07-31,2027-07-31,2021-02-01
US9128286S43,2026-04-30,2.375,2,FXPV,2019-10-31,2025-10-31,2019-04-30
US91282CGU99,2025-03-31,3.875,2,FXPV,2023-09-30,2024-09-30,2023-03-31
US912828V988,2027-02-15,2.25,2,FXPV,2017-08-15,2026-08-15,2017-02-15
US9128286Z85,2024-06-30,1.75,2,FXPV,2019-12-31,2023-12-31,2019-07-01
US91282CKD29,2029-02-28,4.25,2,FXPV,2024-08-31,2028-08-31,2024-02-29
US9128283W81,2028-02-15,2.75,2,FXPV,2018-08-15,2027-08-15,2018-02-15
US912828G955,2019-12-31,1.625,2,FXPV,2015-06-30,2019-06-30,2014-12-31
US91282CGG06,2025-01-31,4.125,2,FXPV,2023-07-31,2024-07-31,2023-01-31
US91282CDW82,2029-01-31,1.75,2,FXPV,2022-07-31,2028-07-31,2022-01-31
US912828ZD51,2023-03-15,0.5,2,FXPV,2020-09-15,2022-09-15,2020-03-16
US9128282D10,2023-08-31,1.375,2,FXPV,2017-02-28,2023-02-28,2016-08-31
US912828A347,2018-11-30,1.25,2,FXPV,2014-05-31,2018-05-31,2013-12-02
US91282CFM82,2027-09-30,4.125,2,FXPV,2023-03-31,2027-03-31,2022-09-30
US9128284T44,2021-06-15,2.625,2,FXPV,2018-12-15,2020-12-15,2018-06-15
US912828WG10,2021-04-30,2.25,2,FXPV,2014-10-31,2020-10-31,2014-04-30
US91282CLQ23,2027-10-15,3.875,2,FXPV,2025-04-15,2027-04-15,2024-10-15
US91282CLC37,2029-07-31,4.0,2,FXPV,2025-01-31,2029-01-31,2024-07-31
US91282CHU80,2026-08-15,4.375,2,FXPV,2024-02-15,2026-02-15,2023-08-15
US91282CCF68,2026-05-31,0.75,2,FXPV,2021-11-30,2025-11-30,2021-06-01
US9128285M81,2028-11-15,3.125,2,FXPV,2019-05-15,2028-05-15,2018-11-15
US91282CMH15,2027-01-31,4.125,2,FXPV,2025-07-31,2026-07-31,2025-01-31
US91282CJT99,2027-01-15,4.0,2,FXPV,2024-07-15,2026-07-15,2024-01-16
US91282CBC47,2025-12-31,0.375,2,FXPV,2021-06-30,2025-06-30,2020-12-31
US91282CAT80,2025-10-31,0.25,2,FXPV,2021-04-30,2025-04-30,2020-11-02
US91282CFY21,2029-11-30,3.875,2,FXPV,2023-05-31,2029-05-31,2022-11-30
US91282CCT62,2024-08-15,0.375,2,FXPV,2022-02-15,2024-02-15,2021-08-16
US91282CAG69,2022-08-31,0.125,2,FXPV,2021-02-28,2022-02-28,2020-08-31
US91282CNJ61,2032-06-30,4.0,2,FXPV,2025-12-31,2031-12-31,2025-06-30
US9128282A70,2026-08-15,1.5,2,FXPV,2017-02-15,2026-02-15,2016-08-15
US912828T420,2018-09-30,0.75,2,FXPV,2017-03-31,2018-03-31,2016-09-30
US91282CEX56,2024-06-30,3.0,2,FXPV,2022-12-31,2023-12-31,2022-06-30
US912828N639,2019-01-15,1.125,2,FXPV,2016-07-15,2018-07-15,2016-01-15
US91282CDY49,2032-02-15,1.875,2,FXPV,2022-08-15,2031-08-15,2022-02-15
US912828Z609,2022-01-31,1.375,2,FXPV,2020-07-31,2021-07-31,2020-01-31
US91282CLJ89,2031-08-31,3.75,2,FXPV,2025-02-28,2031-02-28,2024-09-03
US912828YC87,2021-08-31,1.5,2,FXPV,2020-02-29,2021-02-28,2019-09-03
US912828ZW33,2025-06-30,0.25,2,FXPV,2020-12-31,2024-12-31,2020-06-30
US91282CFG15,2024-08-31,3.25,2,FXPV,2023-02-28,2024-02-29,2022-08-31
US91282CEB37,2029-02-28,1.875,2,FXPV,2022-08-31,2028-08-31,2022-02-28
US91282CPL99,2027-11-30,3.375,2,FXPV,2026-05-31,2027-05-31,2025-12-01
US91282CJM47,2030-11-30,4.375,2,FXPV,2024-05-31,2030-05-31,2023-11-30
US912828YT13,2021-11-30,1.5,2,FXPV,2020-05-31,2021-05-31,2019-12-02
US9128282P40,2022-07-31,1.875,2,FXPV,2018-01-31,2022-01-31,2017-07-31
US9128284F40,2025-03-31,2.625,2,FXPV,2018-09-30,2024-09-30,2018-04-02
US912828TY62,2022-11-15,1.625,2,FXPV,2013-05-15,2022-05-15,2012-11-15
US91282CJV46,2026-01-31,4.25,2,FXPV,2024-07-31,2025-07-31,2024-01-31
US91282CDV00,2024-01-31,0.875,2,FXPV,2022-07-31,2023-07-31,2022-01-31
US91282CFF32,2032-08-15,2.75,2,FXPV,2023-02-15,2032-02-15,2022-08-15
US912828S356,2023-06-30,1.375,2,FXPV,2016-12-31,2022-12-31,2016-06-30
US912828ZL77,2025-04-30,0.375,2,FXPV,2020-10-31,2024-10-31,2020-04-30
US91282CFK27,2025-09-15,3.5,2,FXPV,2023-03-15,2025-03-15,2022-09-15
US912828R937,2018-06-30,0.625,2,FXPV,2016-12-31,2017-12-31,2016-06-30
US91282CBX83,2023-04-30,0.125,2,FXPV,2021-10-31,2022-10-31,2021-04-30
US91282CCU36,2023-08-31,0.125,2,FXPV,2022-02-28,2023-02-28,2021-08-31
US91282CLZ22,2031-11-30,4.125,2,FXPV,2025-05-31,2031-05-31,2024-12-02
US912828VB32,2023-05-15,1.75,2,FXPV,2013-11-15,2022-11-15,2013-05-15
US912828C657,2019-03-31,1.625,2,FXPV,2014-09-30,2018-09-30,2014-03-31
US912828V566,2019-01-31,1.125,2,FXPV,2017-07-31,2018-07-31,2017-01-31
US912828Z781,2027-01-31,1.5,2,FXPV,2020-07-31,2026-07-31,2020-01-31
US91282CHH79,2026-06-15,4.125,2,FXPV,2023-12-15,2025-12-15,2023-06-15
US912828P204,2018-01-31,0.75,2,FXPV,2016-07-31,2017-07-31,2016-02-01
US912828YU85,2026-11-30,1.625,2,FXPV,2020-05-31,2026-05-31,2019-12-02
US9128282Z22,2020-10-15,1.625,2,FXPV,2018-04-15,2020-04-15,2017-10-16
US912828Y958,2026-07-31,1.875,2,FXPV,2020-01-31,2026-01-31,2019-07-31
US91282CJF95,2028-10-31,4.875,2,FXPV,2024-04-30,2028-04-30,2023-10-31
US912828W226,2020-02-15,1.375,2,FXPV,2017-08-15,2019-08-15,2017-02-15
US91282CFN65,2024-09-30,4.25,2,FXPV,2023-03-31,2024-03-31,2022-09-30
US91282CAK71,2023-09-15,0.125,2,FXPV,2021-03-15,2023-03-15,2020-09-15
US91282CCJ80,2026-06-30,0.875,2,FXPV,2021-12-31,2025-12-31,2021-06-30
US912828XU94,2020-06-15,1.5,2,FXPV,2017-12-15,2019-12-15,2017-06-15
US91282CKH33,2026-03-31,4.5,2,FXPV,2024-09-30,2025-09-30,2024-04-01
US912828Q376,2021-03-31,1.25,2,FXPV,2016-09-30,2020-09-30,2016-03-31
US912828ZF00,2025-03-31,0.5,2,FXPV,2020-09-30,2024-09-30,2020-03-31
US91282CNL18,2027-06-30,3.75,2,FXPV,2025-12-31,2026-12-31,2025-06-30
US912828X703,2024-04-30,2.0,2,FXPV,2017-10-31,2023-10-31,2017-05-01
US91282CBG50,2023-01-31,0.125,2,FXPV,2021-07-31,2022-07-31,2021-02-01
US91282CDZ14,2025-02-15,1.5,2,FXPV,2022-08-15,2024-08-15,2022-02-15
US912828H375,2018-01-15,0.875,2,FXPV,2015-07-15,2017-07-15,2015-01-15
US91282CAZ41,2025-11-30,0.375,2,FXPV,2021-05-31,2025-05-31,2020-11-30
US912828K585,2020-04-30,1.375,2,FXPV,2015-10-31,2019-10-31,2015-04-30
US91282CKJ98,2027-04-15,4.5,2,FXPV,2024-10-15,2026-10-15,2024-04-15
US91282CFA45,2024-07-31,3.0,2,FXPV,2023-01-31,2024-01-31,2022-08-01
US91282CNN73,2030-07-31,3.875,2,FXPV,2026-01-31,2030-01-31,2025-07-31
US9128284Z04,2025-08-31,2.75,2,FXPV,2019-02-28,2025-02-28,2018-08-31
US912828ZB95,2027-02-28,1.125,2,FXPV,2020-08-31,2026-08-31,2020-03-02
US91282CPN55,2030-11-30,3.5,2,FXPV,2026-05-31,2030-05-31,2025-12-01
US912828T917,2023-10-31,1.625,2,FXPV,2017-04-30,2023-04-30,2016-10-31
US912828XF28,2018-06-15,1.125,2,FXPV,2015-12-15,2017-12-15,2015-06-15
US91282CAF86,2023-08-15,0.125,2,FXPV,2021-02-15,2023-02-15,2020-08-17
US9128282F67,2021-08-31,1.125,2,FXPV,2017-02-28,2021-02-28,2016-08-31
US912828B667,2024-02-15,2.75,2,FXPV,2014-08-15,2023-08-15,2014-02-18
US91282CEF41,2027-03-31,2.5,2,FXPV,2022-09-30,2026-09-30,2022-03-31
US912828ZT04,2025-05-31,0.25,2,FXPV,2020-11-30,2024-11-30,2020-06-01
US91282CGP05,2028-02-29,4.0,2,FXPV,2023-08-31,2027-08-31,2023-02-28
US9128284C19,2020-03-31,2.25,2,FXPV,2018-09-30,2019-09-30,2018-04-02
US912828S687,2018-07-31,0.75,2,FXPV,2017-01-31,2018-01-31,2016-08-01
US91282CJL63,2025-11-30,4.875,2,FXPV,2024-05-31,2025-05-31,2023-11-30
US912828M987,2020-11-30,1.625,2,FXPV,2016-05-31,2020-05-31,2015-11-30
US91282CKG59,2029-03-31,4.125,2,FXPV,2024-09-30,2028-09-30,2024-04-01
US912828ZG82,2022-03-31,0.375,2,FXPV,2020-09-30,2021-09-30,2020-03-31
US912828U576,2023-11-30,2.125,2,FXPV,2017-05-31,2023-05-31,2016-11-30
US912828Z864,2023-02-15,1.375,2,FXPV,2020-08-15,2022-08-15,2020-02-18
US91282CJP77,2026-12-15,4.375,2,FXPV,2024-06-15,2026-06-15,2023-12-15
US9128285T35,2025-12-31,2.625,2,FXPV,2019-06-30,2025-06-30,2018-12-31
US91282CKP58,2029-04-30,4.625,2,FXPV,2024-10-31,2028-10-31,2024-04-30
US91282CCC38,2024-05-15,0.25,2,FXPV,2021-11-15,2023-11-15,2021-05-17
US9128284D91,2023-03-31,2.5,2,FXPV,2018-09-30,2022-09-30,2018-04-02
US912828XH83,2020-06-30,1.625,2,FXPV,2015-12-31,2019-12-31,2015-06-30
US912828T594,2019-10-15,1.0,2,FXPV,2017-04-15,2019-04-15,2016-10-17
US91282CBP59,2028-02-29,1.125,2,FXPV,2021-08-31,2027-08-31,2021-03-01
US91282CED92,2025-03-15,1.75,2,FXPV,2022-09-15,2024-09-15,2022-03-15
US912828VE70,2018-05-31,1.0,2,FXPV,2013-11-30,2017-11-30,2013-05-31
US912828RH57,2018-09-30,1.375,2,FXPV,2012-03-31,2018-03-31,2011-09-30
US912828XR65,2022-05-31,1.75,2,FXPV,2017-11-30,2021-11-30,2017-05-31
US912828R366,2026-05-15,1.625,2,FXPV,2016-11-15,2025-11-15,2016-05-16
US91282CEM91,2029-04-30,2.875,2,FXPV,2022-10-31,2028-10-31,2022-05-02
US91282CLY56,2026-11-30,4.25,2,FXPV,2025-05-31,2026-05-31,2024-12-02
US91282CJN20,2028-11-30,4.375,2,FXPV,2024-05-31,2028-05-31,2023-11-30
US91282CKA89,2027-02-15,4.125,2,FXPV,2024-08-15,2026-08-15,2024-02-15
US912828L401,2018-09-15,1.0,2,FXPV,2016-03-15,2018-03-15,2015-09-15
US912828U246,2026-11-15,2.0,2,FXPV,2017-05-15,2026-05-15,2016-11-15
US912828ZY98,2023-07-15,0.125,2,FXPV,2021-01-15,2023-01-15,2020-07-15
US91282CKE02,2027-03-15,4.25,2,FXPV,2024-09-15,2026-09-15,2024-03-15
US91282CNF40,2032-05-31,4.125,2,FXPV,2025-11-30,2031-11-30,2025-06-02
US9128284B36,2021-03-15,2.375,2,FXPV,2018-09-15,2020-09-15,2018-03-15
US91282CJK80,2026-11-15,4.625,2,FXPV,2024-05-15,2026-05-15,2023-11-15
US91282CKK61,2026-04-30,4.875,2,FXPV,2024-10-31,2025-10-31,2024-04-30
US91282CAD39,2027-07-31,0.375,2,FXPV,2021-01-31,2027-01-31,2020-07-31
US912828XK13,2018-07-15,0.875,2,FXPV,2016-01-15,2018-01-15,2015-07-15
US9128285A44,2021-09-15,2.75,2,FXPV,2019-03-15,2021-03-15,2018-09-17
US912828UZ19,2018-04-30,0.625,2,FXPV,2013-10-31,2017-10-31,2013-04-30
US91282CCL37,2024-07-15,0.375,2,FXPV,2022-01-15,2024-01-15,2021-07-15
US91282CJA09,2028-09-30,4.625,2,FXPV,2024-03-31,2028-03-31,2023-10-02
US9128283N82,2019-12-31,1.875,2,FXPV,2018-06-30,2019-06-30,2018-01-02
US91282CEA53,2024-02-29,1.5,2,FXPV,2022-08-31,2023-08-31,2022-02-28
US9128285Q95,2020-11-30,2.75,2,FXPV,2019-05-31,2020-05-31,2018-11-30
US91282CJX02,2031-01-31,4.0,2,FXPV,2024-07-31,2030-07-31,2024-01-31
US91282CMY48,2027-04-30,3.75,2,FXPV,2025-10-31,2026-10-31,2025-04-30
US91282CAP68,2023-10-15,0.125,2,FXPV,2021-04-15,2023-04-15,2020-10-15
US912828M649,2018-11-15,1.25,2,FXPV,2016-05-15,2018-05-15,2015-11-16
US91282CHE49,2028-05-31,3.625,2,FXPV,2023-11-30,2027-11-30,2023-05-31
US912828J843,2020-03-31,1.375,2,FXPV,2015-09-30,2019-09-30,2015-03-31
US91282CME83,2026-12-31,4.25,2,FXPV,2025-06-30,2026-06-30,2024-12-31
US9128283P31,2024-12-31,2.25,2,FXPV,2018-06-30,2024-06-30,2018-01-02
US912828YV68,2024-11-30,1.5,2,FXPV,2020-05-31,2024-05-31,2019-12-02
US91282CBB63,2027-12-31,0.625,2,FXPV,2021-06-30,2027-06-30,2020-12-31
US91282CFT36,2029-10-31,4.0,2,FXPV,2023-04-30,2029-04-30,2022-10-31
US9128284X55,2023-08-31,2.75,2,FXPV,2019-02-28,2023-02-28,2018-08-31
US91282CCX74,2024-09-15,0.375,2,FXPV,2022-03-15,2024-03-15,2021-09-15
US91282CCR07,2028-07-31,1.0,2,FXPV,2022-01-31,2028-01-31,2021-08-02
US91282CNX55,2030-08-31,3.625,2,FXPV,2026-02-28,2030-02-28,2025-09-02
US91282CNG23,2030-05-31,4.0,2,FXPV,2025-11-30,2029-11-30,2025-06-02
US912828R515,2018-05-31,0.875,2,FXPV,2016-11-30,2017-11-30,2016-05-31
US9128285Z94,2024-01-31,2.5,2,FXPV,2019-07-31,2023-07-31,2019-01-31
US91282CET45,2027-05-31,2.625,2,FXPV,2022-11-30,2026-11-30,2022-05-31
US91282CMB45,2027-12-15,4.0,2,FXPV,2025-06-15,2027-06-15,2024-12-16
US91282CJG78,2030-10-31,4.875,2,FXPV,2024-04-30,2030-04-30,2023-10-31
US912828L575,2022-09-30,1.75,2,FXPV,2016-03-31,2022-03-31,2015-09-30
US91282CJJ18,2033-11-15,4.5,2,FXPV,2024-05-15,2033-05-15,2023-11-15
US91282CAM38,2025-09-30,0.25,2,FXPV,2021-03-31,2025-03-31,2020-09-30
US91282CHY03,2026-09-15,4.625,2,FXPV,2024-03-15,2026-03-15,2023-09-15
US91282CPD73,2030-10-31,3.625,2,FXPV,2026-04-30,2030-04-30,2025-10-31
US912828R283,2023-04-30,1.625,2,FXPV,2016-10-31,2022-10-31,2016-05-02
US912828W309,2019-02-28,1.125,2,FXPV,2017-08-31,2018-08-31,2017-02-28
US91282CEW73,2027-06-30,3.25,2,FXPV,2022-12-31,2026-12-31,2022-06-30
US91282CMK44,2032-01-31,4.375,2,FXPV,2025-07-31,2031-07-31,2025-01-31
US912828A750,2018-12-31,1.5,2,FXPV,2014-06-30,2018-06-30,2013-12-31
US912828YX25,2026-12-31,1.75,2,FXPV,2020-06-30,2026-06-30,2019-12-31
US912828P386,2023-01-31,1.75,2,FXPV,2016-07-31,2022-07-31,2016-02-01
US91282CBV28,2024-04-15,0.375,2,FXPV,2021-10-15,2023-10-15,2021-04-15
US91282CAC55,2022-07-31,0.125,2,FXPV,2021-01-31,2022-01-31,2020-07-31
US91282CLR06,2029-10-31,4.125,2,FXPV,2025-04-30,2029-04-30,2024-10-31
US91282CMU26,2030-03-31,4.0,2,FXPV,2025-09-30,2029-09-30,2025-03-31
US912828Q293,2023-03-31,1.5,2,FXPV,2016-09-30,2022-09-30,2016-03-31
US912828YW42,2022-12-15,1.625,2,FXPV,2020-06-15,2022-06-15,2019-12-16
US9128284M90,2025-04-30,2.875,2,FXPV,2018-10-31,2024-10-31,2018-04-30
US912828Z948,2030-02-15,1.5,2,FXPV,2020-08-15,2029-08-15,2020-02-18
US91282CPS43,2027-12-31,3.375,2,FXPV,2026-06-30,2027-06-30,2025-12-31
US91282CFZ95,2027-11-30,3.875,2,FXPV,2023-05-31,2027-05-31,2022-11-30
US91282CKT70,2029-05-31,4.5,2,FXPV,2024-11-30,2028-11-30,2024-05-31
US91282CCG42,2024-06-15,0.25,2,FXPV,2021-12-15,2023-12-15,2021-06-15
US912828ZH65,2023-04-15,0.25,2,FXPV,2020-10-15,2022-10-15,2020-04-15
US9128286D73,2021-02-28,2.5,2,FXPV,2019-08-31,2020-08-31,2019-02-28
US91282CAW10,2023-11-15,0.25,2,FXPV,2021-05-15,2023-05-15,2020-11-16
US9128285U08,2023-12-31,2.625,2,FXPV,2019-06-30,2023-06-30,2018-12-31
US912828N480,2020-12-31,1.75,2,FXPV,2016-06-30,2020-06-30,2015-12-31
US912828ZU76,2023-06-15,0.25,2,FXPV,2020-12-15,2022-12-15,2020-06-15
US91282CEH07,2025-04-15,2.625,2,FXPV,2022-10-15,2024-10-15,2022-04-18
US91282CEK36,2024-04-30,2.5,2,FXPV,2022-10-31,2023-10-31,2022-05-02
US912828C574,2021-03-31,2.25,2,FXPV,2014-09-30,2020-09-30,2014-03-31
US912828WW69,2019-07-31,1.625,2,FXPV,2015-01-31,2019-01-31,2014-07-31
US912828V319,2020-01-15,1.375,2,FXPV,2017-07-15,2019-07-15,2017-01-17
US91282CEY30,2025-07-15,3.0,2,FXPV,2023-01-15,2025-01-15,2022-07-15
US91282CKZ31,2027-07-15,4.375,2,FXPV,2025-01-15,2027-01-15,2024-07-15
US9128282S88,2022-08-31,1.625,2,FXPV,2018-02-28,2022-02-28,2017-08-31
US91282CAE12,2030-08-15,0.625,2,FXPV,2021-02-15,2030-02-15,2020-08-17
US91282CNA52,2032-04-30,4.0,2,FXPV,2025-10-31,2031-10-31,2025-04-30
US9128283U26,2023-01-31,2.375,2,FXPV,2018-07-31,2022-07-31,2018-01-31
US9128285X47,2021-01-31,2.5,2,FXPV,2019-07-31,2020-07-31,2019-01-31
US912828X216,2020-04-15,1.5,2,FXPV,2017-10-15,2019-10-15,2017-04-17
US9128283J70,2024-11-30,2.125,2,FXPV,2018-05-31,2024-05-31,2017-11-30
US91282CBM29,2024-02-15,0.125,2,FXPV,2021-08-15,2023-08-15,2021-02-16
US91282CDJ71,2031-11-15,1.375,2,FXPV,2022-05-15,2031-05-15,2021-11-15
US91282CLH24,2026-08-31,3.75,2,FXPV,2025-02-28,2026-02-28,2024-09-03
US91282CGB19,2029-12-31,3.875,2,FXPV,2023-06-30,2029-06-30,2023-01-03
US91282CDB46,2024-10-15,0.625,2,FXPV,2022-04-15,2024-04-15,2021-10-15
US912828P469,2026-02-15,1.625,2,FXPV,2016-08-15,2025-08-15,2016-02-16
US91282CFP14,2025-10-15,4.25,2,FXPV,2023-04-15,2025-04-15,2022-10-17
US912828W713,2024-03-31,2.125,2,FXPV,2017-09-30,2023-09-30,2017-03-31
US9128283L27,2020-12-15,1.875,2,FXPV,2018-06-15,2020-06-15,2017-12-15
US912828U998,2018-12-31,1.25,2,FXPV,2017-06-30,2018-06-30,2017-01-03
US9128286B18,2029-02-15,2.625,2,FXPV,2019-08-15,2028-08-15,2019-02-15
US9128286M72,2022-04-15,2.25,2,FXPV,2019-10-15,2021-10-15,2019-04-15
US9128284J61,2020-04-30,2.375,2,FXPV,2018-10-31,2019-10-31,2018-04-30
US912828UR92,2018-02-28,0.75,2,FXPV,2013-08-31,2017-08-31,2013-02-28
US912828VS66,2023-08-15,2.5,2,FXPV,2014-02-15,2023-02-15,2013-08-15
US9128286G05,2024-02-29,2.375,2,FXPV,2019-08-31,2023-08-31,2019-02-28
US91282CDS70,2025-01-15,1.125,2,FXPV,2022-07-15,2024-07-15,2022-01-18
US91282CCB54,2031-05-15,1.625,2,FXPV,2021-11-15,2030-11-15,2021-05-17
US9128287F13,2021-07-31,1.75,2,FXPV,2020-01-31,2021-01-31,2019-07-31
US91282CMT52,2032-03-31,4.125,2,FXPV,2025-09-30,2031-09-30,2025-03-31
US91282CKN01,2031-04-30,4.625,2,FXPV,2024-10-31,2030-10-31,2024-04-30
US912828G385,2024-11-15,2.25,2,FXPV,2015-05-15,2024-05-15,2014-11-17
US912828YD60,2026-08-31,1.375,2,FXPV,2020-02-29,2026-02-28,2019-09-03
US912828W481,2024-02-29,2.125,2,FXPV,2017-08-31,2023-08-31,2017-02-28
US912828ZP81,2023-05-15,0.125,2,FXPV,2020-11-15,2022-11-15,2020-05-15
US9128286Y11,2022-06-15,1.75,2,FXPV,2019-12-15,2021-12-15,2019-06-17
US912828Y610,2023-07-31,2.75,2,FXPV,2019-01-31,2023-01-31,2018-07-31
US912828T263,2023-09-30,1.375,2,FXPV,2017-03-31,2023-03-31,2016-09-30
US91282CNZ04,2032-09-30,3.875,2,FXPV,2026-03-31,2032-03-31,2025-09-30
US9128282G41,2019-09-15,0.875,2,FXPV,2017-03-15,2019-03-15,2016-09-15
US912828H524,2020-01-31,1.25,2,FXPV,2015-07-31,2019-07-31,2015-02-02
US91282CGA36,2025-12-15,4.0,2,FXPV,2023-06-15,2025-06-15,2022-12-15
US91282CAR25,2022-10-31,0.125,2,FXPV,2021-04-30,2022-04-30,2020-11-02
US91282CKF76,2031-03-31,4.125,2,FXPV,2024-09-30,2030-09-30,2024-04-01
US91282CDG33,2026-10-31,1.125,2,FXPV,2022-04-30,2026-04-30,2021-11-01
US9128282N91,2024-07-31,2.125,2,FXPV,2018-01-31,2024-01-31,2017-07-31
US912828J686,2018-03-15,1.0,2,FXPV,2015-09-15,2017-09-15,2015-03-16
US91282CEV90,2029-06-30,3.25,2,FXPV,2022-12-31,2028-12-31,2022-06-30
US912828K742,2025-08-15,2.0,2,FXPV,2016-02-15,2025-02-15,2015-08-17
US912828P535,2019-02-15,0.75,2,FXPV,2016-08-15,2018-08-15,2016-02-16
US91282CFL00,2029-09-30,3.875,2,FXPV,2023-03-31,2029-03-31,2022-09-30
US912828Y875,2024-07-31,1.75,2,FXPV,2020-01-31,2024-01-31,2019-07-31
US912828X968,2020-05-15,1.5,2,FXPV,2017-11-15,2019-11-15,2017-05-15
US912828WS57,2019-06-30,1.625,2,FXPV,2014-12-31,2018-12-31,2014-06-30
US91282CAY75,2027-11-30,0.625,2,FXPV,2021-05-31,2027-05-31,2020-11-30
US91282CCZ23,2026-09-30,0.875,2,FXPV,2022-03-31,2026-03-31,2021-09-30
US91282CHR51,2030-07-31,4.0,2,FXPV,2024-01-31,2030-01-31,2023-07-31
US912828W556,2022-02-28,1.875,2,FXPV,2017-08-31,2021-08-31,2017-02-28
US91282CJW29,2029-01-31,4.0,2,FXPV,2024-07-31,2028-07-31,2024-01-31
US9128286V71,2021-05-31,2.125,2,FXPV,2019-11-30,2020-11-30,2019-05-31
US912828H946,2018-02-15,1.0,2,FXPV,2015-08-15,2017-08-15,2015-02-17
US91282CGR60,2026-03-15,4.625,2,FXPV,2023-09-15,2025-09-15,2023-03-15
US912828YK04,2022-10-15,1.375,2,FXPV,2020-04-15,2022-04-15,2019-10-15
US91282CBZ32,2028-04-30,1.25,2,FXPV,2021-10-31,2027-10-31,2021-04-30
US9128287C81,2022-07-15,1.75,2,FXPV,2020-01-15,2022-01-15,2019-07-15
US91282CDL28,2028-11-30,1.5,2,FXPV,2022-05-31,2028-05-31,2021-11-30
US91282CGS44,2030-03-31,3.625,2,FXPV,2023-09-30,2029-09-30,2023-03-31
US912828P873,2021-02-28,1.125,2,FXPV,2016-08-31,2020-08-31,2016-02-29
US9128283V09,2025-01-31,2.5,2,FXPV,2018-07-31,2024-07-31,2018-01-31
US9128285L09,2021-11-15,2.875,2,FXPV,2019-05-15,2021-05-15,2018-11-15
US91282CKU44,2031-05-31,4.625,2,FXPV,2024-11-30,2030-11-30,2024-05-31
US9128285D82,2023-09-30,2.875,2,FXPV,2019-03-31,2023-03-31,2018-10-01
US91282CMA61,2029-11-30,4.125,2,FXPV,2025-05-31,2029-05-31,2024-12-02
US9128282V18,2020-09-15,1.375,2,FXPV,2018-03-15,2020-03-15,2017-09-15
US91282CHL81,2025-06-30,4.625,2,FXPV,2023-12-31,2024-12-31,2023-06-30
US91282CFX48,2024-11-30,4.5,2,FXPV,2023-05-31,2024-05-31,2022-11-30
US91282CHC82,2033-05-15,3.375,2,FXPV,2023-11-15,2032-11-15,2023-05-15
US91282CGC91,2027-12-31,3.875,2,FXPV,2023-06-30,2027-06-30,2023-01-03
US91282CCN92,2023-07-31,0.125,2,FXPV,2022-01-31,2023-01-31,2021-08-02
US91282CBQ33,2026-02-28,0.5,2,FXPV,2021-08-31,2025-08-31,2021-03-01
US9128283X64,2021-02-15,2.25,2,FXPV,2018-08-15,2020-08-15,2018-02-15
US91282CGN56,2025-02-28,4.625,2,FXPV,2023-08-31,2024-08-31,2023-02-28
US912828Y461,2020-07-31,2.625,2,FXPV,2019-01-31,2020-01-31,2018-07-31
US912828W978,2019-03-31,1.25,2,FXPV,2017-09-30,2018-09-30,2017-03-31
US9128286C90,2022-02-15,2.5,2,FXPV,2019-08-15,2021-08-15,2019-02-15
US912828G799,2017-12-15,1.0,2,FXPV,2015-06-15,2017-06-15,2014-12-15
US912828G617,2019-11-30,1.5,2,FXPV,2015-05-31,2019-05-31,2014-12-01
US91282CGJ45,2030-01-31,3.5,2,FXPV,2023-07-31,2029-07-31,2023-01-31
US912828XT22,2024-05-31,2.0,2,FXPV,2017-11-30,2023-11-30,2017-05-31
US91282CFW64,2025-11-15,4.5,2,FXPV,2023-05-15,2025-05-15,2022-11-15
US912828L997,2020-10-31,1.375,2,FXPV,2016-04-30,2020-04-30,2015-11-02
US91282CDA62,2023-09-30,0.25,2,FXPV,2022-03-31,2023-03-31,2021-09-30
US91282CBT71,2026-03-31,0.75,2,FXPV,2021-09-30,2025-09-30,2021-03-31
US912828YM69,2024-10-31,1.5,2,FXPV,2020-04-30,2024-04-30,2019-10-31
US9128286X38,2026-05-31,2.125,2,FXPV,2019-11-30,2025-11-30,2019-05-31
US91282CBU45,2023-03-31,0.125,2,FXPV,2021-09-30,2022-09-30,2021-03-31
US91282CBS98,2028-03-31,1.25,2,FXPV,2021-09-30,2027-09-30,2021-03-31
US9128282J89,2020-07-15,1.5,2,FXPV,2018-01-15,2020-01-15,2017-07-17
US912828N555,2017-12-31,1.0,2,FXPV,2016-06-30,2017-06-30,2015-12-31
US912828U329,2019-11-15,1.0,2,FXPV,2017-05-15,2019-05-15,2016-11-15
US91282CNW72,2032-08-31,3.875,2,FXPV,2026-02-28,2032-02-29,2025-09-02
US9128282U35,2024-08-31,1.875,2,FXPV,2018-02-28,2024-02-29,2017-08-31
US9128286A35,2026-01-31,2.625,2,FXPV,2019-07-31,2025-07-31,2019-01-31
US912828YF19,2022-09-15,1.5,2,FXPV,2020-03-15,2022-03-15,2019-09-16
US9128282R06,2027-08-15,2.25,2,FXPV,2018-02-15,2027-02-15,2017-08-15
US9128283H15,2019-11-30,1.75,2,FXPV,2018-05-31,2019-05-31,2017-11-30
US91282CKS97,2026-05-31,4.875,2,FXPV,2024-11-30,2025-11-30,2024-05-31
US912828L658,2020-09-30,1.375,2,FXPV,2016-03-31,2020-03-31,2015-09-30
US9128284N73,2028-05-15,2.875,2,FXPV,2018-11-15,2027-11-15,2018-05-15
US91282CHZ77,2030-09-30,4.625,2,FXPV,2024-03-31,2030-03-31,2023-10-02
US912828ZQ64,2030-05-15,0.625,2,FXPV,2020-11-15,2029-11-15,2020-05-15
US91282CDR97,2023-12-31,0.75,2,FXPV,2022-06-30,2023-06-30,2021-12-31
US91282CLL36,2027-09-15,3.375,2,FXPV,2025-03-15,2027-03-15,2024-09-16
US912828YB05,2029-08-15,1.625,2,FXPV,2020-02-15,2029-02-15,2019-08-15
US9128282B53,2019-08-15,0.75,2,FXPV,2017-02-15,2019-02-15,2016-08-15
US91282CLK52,2029-08-31,3.625,2,FXPV,2025-02-28,2029-02-28,2024-09-03
US91282CPA35,2030-09-30,3.625,2,FXPV,2026-03-31,2030-03-31,2025-09-30
US91282CLX73,2027-11-15,4.125,2,FXPV,2025-05-15,2027-05-15,2024-11-15
US91282CAU53,2027-10-31,0.5,2,FXPV,2021-04-30,2027-04-30,2020-11-02
US912828D234,2019-04-30,1.625,2,FXPV,2014-10-31,2018-10-31,2014-04-30
US91282CBN02,2023-02-28,0.125,2,FXPV,2021-08-31,2022-08-31,2021-03-01
US91282CAX92,2022-11-30,0.125,2,FXPV,2021-05-31,2022-05-31,2020-11-30
US91282CGM73,2033-02-15,3.5,2,FXPV,2023-08-15,2032-08-15,2023-02-15
US912828X471,2022-04-30,1.875,2,FXPV,2017-10-31,2021-10-31,2017-05-01
US9128283S79,2020-01-31,2.0,2,FXPV,2018-07-31,2019-07-31,2018-01-31
US91282CHW47,2030-08-31,4.125,2,FXPV,2024-02-29,2030-02-28,2023-08-31
US91282CHN48,2025-07-31,4.75,2,FXPV,2024-01-31,2025-01-31,2023-07-31
US91282CBW01,2026-04-30,0.75,2,FXPV,2021-10-31,2025-10-31,2021-04-30
US91282CEU18,2025-06-15,2.875,2,FXPV,2022-12-15,2024-12-15,2022-06-15
US91282CFJ53,2029-08-31,3.125,2,FXPV,2023-02-28,2029-02-28,2022-08-31
US91282CJB81,2025-09-30,5.0,2,FXPV,2024-03-31,2025-03-31,2023-10-02
US91282CFB28,2027-07-31,2.75,2,FXPV,2023-01-31,2027-01-31,2022-08-01
US91282CFE66,2025-08-15,3.125,2,FXPV,2023-02-15,2025-02-15,2022-08-15
US91282CGE57,2026-01-15,3.875,2,FXPV,2023-07-15,2025-07-15,2023-01-17
US9128286R69,2024-04-30,2.25,2,FXPV,2019-10-31,2023-10-31,2019-04-30
US912828YG91,2026-09-30,1.625,2,FXPV,2020-03-31,2026-03-31,2019-09-30
US91282CLG41,2027-08-15,3.75,2,FXPV,2025-02-15,2027-02-15,2024-08-15
US91282CCD11,2023-05-31,0.125,2,FXPV,2021-11-30,2022-11-30,2021-06-01
US912828R770,2021-05-31,1.375,2,FXPV,2016-11-30,2020-11-30,2016-05-31
US9128287A26,2021-06-30,1.625,2,FXPV,2019-12-31,2020-12-31,2019-07-01
US91282CDP32,2028-12-31,1.375,2,FXPV,2022-06-30,2028-06-30,2021-12-31
US912828YP90,2021-10-31,1.5,2,FXPV,2020-04-30,2021-04-30,2019-10-31
US91282CEP23,2032-05-15,2.875,2,FXPV,2022-11-15,2031-11-15,2022-05-16
US91282CJE21,2025-10-31,5.0,2,FXPV,2024-04-30,2025-04-30,2023-10-31
US91282CFH97,2027-08-31,3.125,2,FXPV,2023-02-28,2027-02-28,2022-08-31
US912828U816,2021-12-31,2.0,2,FXPV,2017-06-30,2021-06-30,2017-01-03
US912828UU22,2018-03-31,0.75,2,FXPV,2013-09-30,2017-09-30,2013-04-01
US912828Q525,2019-04-15,0.875,2,FXPV,2016-10-15,2018-10-15,2016-04-15
US912828Z294,2023-01-15,1.5,2,FXPV,2020-07-15,2022-07-15,2020-01-15
US91282CDF59,2028-10-31,1.375,2,FXPV,2022-04-30,2028-04-30,2021-11-01
US912828XA31,2018-05-15,1.0,2,FXPV,2015-11-15,2017-11-15,2015-05-15
US91282CNK35,2030-06-30,3.875,2,FXPV,2025-12-31,2029-12-31,2025-06-30
US9128282K52,2019-07-31,1.375,2,FXPV,2018-01-31,2019-01-31,2017-07-31
US91282CBE03,2024-01-15,0.125,2,FXPV,2021-07-15,2023-07-15,2021-01-15
US91282CGL90,2026-02-15,4.0,2,FXPV,2023-08-15,2025-08-15,2023-02-15
US912828Y792,2025-07-31,2.875,2,FXPV,2019-01-31,2025-01-31,2018-07-31
US912828YA22,2022-08-15,1.5,2,FXPV,2020-02-15,2022-02-15,2019-08-15
US91282CLN91,2029-09-30,3.5,2,FXPV,2025-03-31,2029-03-31,2024-09-30
US912828W895,2022-03-31,1.875,2,FXPV,2017-09-30,2021-09-30,2017-03-31
US91282CGD74,2024-12-31,4.25,2,FXPV,2023-06-30,2024-06-30,2023-01-03
US9128285R78,2021-12-15,2.625,2,FXPV,2019-06-15,2021-06-15,2018-12-17
US9128286H87,2022-03-15,2.375,2,FXPV,2019-09-15,2021-09-15,2019-03-15
US912828T677,2021-10-31,1.25,2,FXPV,2017-04-30,2021-04-30,2016-10-31
US912828YY08,2024-12-31,1.75,2,FXPV,2020-06-30,2024-06-30,2019-12-31
US9128282X73,2019-09-30,1.375,2,FXPV,2018-03-31,2019-03-31,2017-10-02
US912828XS49,2019-05-31,1.25,2,FXPV,2017-11-30,2018-11-30,2017-05-31
US91282CAB72,2025-07-31,0.25,2,FXPV,2021-01-31,2025-01-31,2020-07-31
US912828K254,2018-04-15,0.75,2,FXPV,2015-10-15,2017-10-15,2015-04-15
US912828VK31,2018-06-30,1.375,2,FXPV,2013-12-31,2017-12-31,2013-07-01
US91282CMZ13,2030-04-30,3.875,2,FXPV,2025-10-31,2029-10-31,2025-04-30
US91282CHB00,2026-05-15,3.625,2,FXPV,2023-11-15,2025-11-15,2023-05-15
US912828Z526,2025-01-31,1.375,2,FXPV,2020-07-31,2024-07-31,2020-01-31
US91282CHM64,2026-07-15,4.5,2,FXPV,2024-01-15,2026-01-15,2023-07-17
US912828N225,2018-12-15,1.25,2,FXPV,2016-06-15,2018-06-15,2015-12-15
US912828XB14,2025-05-15,2.125,2,FXPV,2015-11-15,2024-11-15,2015-05-15
US912828XW50,2022-06-30,1.75,2,FXPV,2017-12-31,2021-12-31,2017-06-30
US91282CMR96,2032-02-29,4.125,2,FXPV,2025-08-31,2031-08-31,2025-02-28
US912828U733,2019-12-15,1.375,2,FXPV,2017-06-15,2019-06-15,2016-12-15
US9128283G32,2020-11-15,1.75,2,FXPV,2018-05-15,2020-05-15,2017-11-15
US9128282W90,2022-09-30,1.875,2,FXPV,2018-03-31,2022-03-31,2017-10-02
US9128285S51,2020-12-31,2.5,2,FXPV,2019-06-30,2020-06-30,2018-12-31
US91282CBD20,2022-12-31,0.125,2,FXPV,2021-06-30,2022-06-30,2020-12-31
US9128282T61,2019-08-31,1.25,2,FXPV,2018-02-28,2019-02-28,2017-08-31
US912828Y206,2021-07-15,2.625,2,FXPV,2019-01-15,2021-01-15,2018-07-16
US91282CKC46,2031-02-28,4.25,2,FXPV,2024-08-31,2030-08-31,2024-02-29
US912828M805,2022-11-30,2.0,2,FXPV,2016-05-31,2022-05-31,2015-11-30
US91282CPE56,2027-10-31,3.5,2,FXPV,2026-04-30,2027-04-30,2025-10-31
US9128283Q14,2021-01-15,2.0,2,FXPV,2018-07-15,2020-07-15,2018-01-16
US912828L328,2020-08-31,1.375,2,FXPV,2016-02-29,2020-02-29,2015-08-31
US91282CDK45,2026-11-30,1.25,2,FXPV,2022-05-31,2026-05-31,2021-11-30
US91282CHD65,2025-05-31,4.25,2,FXPV,2023-11-30,2024-11-30,2023-05-31
US91282CKW00,2031-06-30,4.25,2,FXPV,2024-12-31,2030-12-31,2024-07-01
US9128283F58,2027-11-15,2.25,2,FXPV,2018-05-15,2027-05-15,2017-11-15
US91282CMC28,2031-12-31,4.5,2,FXPV,2025-06-30,2031-06-30,2024-12-31
US912828ZN34,2027-04-30,0.5,2,FXPV,2020-10-31,2026-10-31,2020-04-30
US912828U659,2021-11-30,1.75,2,FXPV,2017-05-31,2021-05-31,2016-11-30
US9128284Y39,2020-08-31,2.625,2,FXPV,2019-02-28,2020-02-29,2018-08-31
US9128285G14,2020-10-31,2.875,2,FXPV,2019-04-30,2020-04-30,2018-10-31
US912828ZS21,2027-05-31,0.5,2,FXPV,2020-11-30,2026-11-30,2020-06-01
US91282CPF22,2032-10-31,3.75,2,FXPV,2026-04-30,2032-04-30,2025-10-31
US9128283Y48,2020-02-29,2.25,2,FXPV,2018-08-31,2019-08-31,2018-02-28
US9128285F31,2021-10-15,2.875,2,FXPV,2019-04-15,2021-04-15,2018-10-15
US912828P956,2019-03-15,1.0,2,FXPV,2016-09-15,2018-09-15,2016-03-15
US91282CCS89,2031-08-15,1.25,2,FXPV,2022-02-15,2031-02-15,2021-08-16
US91282CBH34,2026-01-31,0.375,2,FXPV,2021-07-31,2025-07-31,2021-02-01
US912828K825,2018-08-15,1.0,2,FXPV,2016-02-15,2018-02-15,2015-08-17
US91282CNE74,2027-05-31,3.875,2,FXPV,2025-11-30,2026-11-30,2025-06-02
US91282CCV19,2028-08-31,1.125,2,FXPV,2022-02-28,2028-02-29,2021-08-31
US91282CEG24,2024-03-31,2.25,2,FXPV,2022-09-30,2023-09-30,2022-03-31
US91282CMD01,2029-12-31,4.375,2,FXPV,2025-06-30,2029-06-30,2024-12-31
US9128284P22,2021-05-15,2.625,2,FXPV,2018-11-15,2020-11-15,2018-05-15
US912828F395,2019-09-30,1.75,2,FXPV,2015-03-31,2019-03-31,2014-09-30
US912828Q780,2021-04-30,1.375,2,FXPV,2016-10-31,2020-10-31,2016-05-02
US91282CHA27,2028-04-30,3.5,2,FXPV,2023-10-31,2027-10-31,2023-05-01
US9128284G23,2021-04-15,2.375,2,FXPV,2018-10-15,2020-10-15,2018-04-16
US91282CBA80,2023-12-15,0.125,2,FXPV,2021-06-15,2023-06-15,2020-12-15
US912828F627,2019-10-31,1.5,2,FXPV,2015-04-30,2019-04-30,2014-10-31
US91282CEN74,2027-04-30,2.75,2,FXPV,2022-10-31,2026-10-31,2022-05-02
US912828XX34,2024-06-30,2.0,2,FXPV,2017-12-31,2023-12-31,2017-06-30
US9128285J52,2025-10-31,3.0,2,FXPV,2019-04-30,2025-04-30,2018-10-31
US912828WD88,2018-10-31,1.25,2,FXPV,2014-04-30,2018-04-30,2013-10-31
US91282CCH25,2028-06-30,1.25,2,FXPV,2021-12-31,2027-12-31,2021-06-30
US912828YQ73,2026-10-31,1.625,2,FXPV,2020-04-30,2026-04-30,2019-10-31
US912828UE89,2017-12-31,0.75,2,FXPV,2013-06-30,2017-06-30,2012-12-31
US912828C244,2019-02-28,1.5,2,FXPV,2014-08-31,2018-08-31,2014-02-28
US91282CNR87,2032-07-31,4.0,2,FXPV,2026-01-31,2032-01-31,2025-07-31
US91282CHT18,2033-08-15,3.875,2,FXPV,2024-02-15,2033-02-15,2023-08-15
US912828V723,2022-01-31,1.875,2,FXPV,2017-07-31,2021-07-31,2017-01-31
US912828XE52,2020-05-31,1.5,2,FXPV,2015-11-30,2019-11-30,2015-06-01
US9128285K26,2023-10-31,2.875,2,FXPV,2019-04-30,2023-04-30,2018-10-31
US912828XZ81,2025-06-30,2.75,2,FXPV,2018-12-31,2024-12-31,2018-07-02
US91282CMG32,2030-01-31,4.25,2,FXPV,2025-07-31,2029-07-31,2025-01-31
US912828ZM50,2022-04-30,0.125,2,FXPV,2020-10-31,2021-10-31,2020-04-30
US91282CHV63,2025-08-31,5.0,2,FXPV,2024-02-29,2025-02-28,2023-08-31
US912828N308,2022-12-31,2.125,2,FXPV,2016-06-30,2022-06-30,2015-12-31
US912828M565,2025-11-15,2.25,2,FXPV,2016-05-15,2025-05-15,2015-11-16
US912828N894,2021-01-31,1.375,2,FXPV,2016-07-31,2020-07-31,2016-02-01
US912828ZR48,2022-05-31,0.125,2,FXPV,2020-11-30,2021-11-30,2020-06-01
US912828ZV59,2027-06-30,0.5,2,FXPV,2020-12-31,2026-12-31,2020-06-30
US912828R440,2019-05-15,0.875,2,FXPV,2016-11-15,2018-11-15,2016-05-16
US9128286T26,2029-05-15,2.375,2,FXPV,2019-11-15,2028-11-15,2019-05-15
US912828WE61,2023-11-15,2.75,2,FXPV,2014-05-15,2023-05-15,2013-11-15
US91282CMP31,2027-02-28,4.125,2,FXPV,2025-08-31,2026-08-31,2025-02-28
US91282CHK09,2028-06-30,4.0,2,FXPV,2023-12-31,2027-12-31,2023-06-30
US91282CLP40,2026-09-30,3.5,2,FXPV,2025-03-31,2026-03-31,2024-09-30
US91282CNV99,2027-08-31,3.625,2,FXPV,2026-02-28,2027-02-28,2025-09-02
US91282CBL46,2031-02-15,1.125,2,FXPV,2021-08-15,2030-08-15,2021-02-16
US912828YE44,2024-08-31,1.25,2,FXPV,2020-02-29,2024-02-29,2019-09-03
US9128285B27,2020-09-30,2.75,2,FXPV,2019-03-31,2020-03-31,2018-10-01
US912828UJ76,2018-01-31,0.875,2,FXPV,2013-07-31,2017-07-31,2013-01-31
US9128286F22,2026-02-28,2.5,2,FXPV,2019-08-31,2025-08-31,2019-02-28
US912828UN88,2023-02-15,2.0,2,FXPV,2013-08-15,2022-08-15,2013-02-15
US91282CHQ78,2028-07-31,4.125,2,FXPV,2024-01-31,2028-01-31,2023-07-31
US9128282Q23,2020-08-15,1.5,2,FXPV,2018-02-15,2020-02-15,2017-08-15
US912828S760,2021-07-31,1.125,2,FXPV,2017-01-31,2021-01-31,2016-08-01
US91282CEE75,2029-03-31,2.375,2,FXPV,2022-09-30,2028-09-30,2022-03-31
US91282CHF14,2030-05-31,3.75,2,FXPV,2023-11-30,2029-11-30,2023-05-31
US9128284R87,2025-05-31,2.875,2,FXPV,2018-11-30,2024-11-30,2018-05-31
US91282CEQ06,2025-05-15,2.75,2,FXPV,2022-11-15,2024-11-15,2022-05-16
US91282CES61,2029-05-31,2.75,2,FXPV,2022-11-30,2028-11-30,2022-05-31
US912828W630,2020-03-15,1.625,2,FXPV,2017-09-15,2019-09-15,2017-03-15
US9128282C37,2018-08-31,0.75,2,FXPV,2017-02-28,2018-02-28,2016-08-31
US912828WJ58,2024-05-15,2.5,2,FXPV,2014-11-15,2023-11-15,2014-05-15
US9128284Q05,2020-05-31,2.5,2,FXPV,2018-11-30,2019-11-30,2018-05-31
US91282CPB18,2027-09-30,3.5,2,FXPV,2026-03-31,2027-03-31,2025-09-30
US912828T347,2021-09-30,1.125,2,FXPV,2017-03-31,2021-03-31,2016-09-30
US91282CDQ15,2026-12-31,1.25,2,FXPV,2022-06-30,2026-06-30,2021-12-31
US91282CGZ86,2030-04-30,3.5,2,FXPV,2023-10-31,2029-10-31,2023-05-01
