Ticker,DLV_Date,Year
TUH2010,2010-04-05,2010
TUM2010,2010-07-06,2010
TUU2010,2010-10-05,2010
TUZ2010,2011-01-05,2010
FVH2010,2010-04-05,2010
FVM2010,2010-07-06,2010
FVU2010,2010-10-05,2010
FVZ2010,2011-01-05,2010
TYH2010,2010-03-31,2010
TYM2010,2010-06-30,2010
TYU2010,2010-09-30,2010
TYZ2010,2010-12-31,2010
TUH2011,2011-04-05,2011
TUM2011,2011-07-06,2011
TUU2011,2011-10-05,2011
TUZ2011,2012-01-05,2011
FVH2011,2011-04-05,2011
FVM2011,2011-07-06,2011
FVU2011,2011-10-05,2011
FVZ2011,2012-01-05,2011
TYH2011,2011-03-31,2011
TYM2011,2011-06-30,2011
TYU2011,2011-09-30,2011
TYZ2011,2011-12-30,2011
TUH2012,2012-04-04,2012
TUM2012,2012-07-05,2012
TUU2012,2012-10-03,2012
TUZ2012,2013-01-04,2012
FVH2012,2012-04-04,2012
FVM2012,2012-07-05,2012
FVU2012,2012-10-03,2012
FVZ2012,2013-01-04,2012
TYH2012,2012-03-30,2012
TYM2012,2012-06-29,2012
TYU2012,2012-09-28,2012
TYZ2012,2012-12-31,2012
TUH2013,2013-03-05,2013
TUM2013,2013-07-03,2013
TUU2013,2013-10-03,2013
TUZ2013,2014-01-06,2013
FVH2013,2013-04-03,2013
FVM2013,2013-07-03,2013
FVU2013,2013-10-03,2013
FVZ2013,2014-01-06,2013
TYH2013,2013-03-28,2013
TYM2013,2013-06-28,2013
TYU2013,2013-09-30,2013
TYZ2013,2013-12-31,2013
TUH2014,2014-04-03,2014
TUM2014,2014-07-03,2014
TUU2014,2014-10-03,2014
TUZ2014,2015-01-06,2014
FVH2014,2014-04-03,2014
FVM2014,2014-07-03,2014
FVU2014,2014-10-03,2014
FVZ2014,2015-01-06,2014
TYH2014,2014-03-31,2014
TYM2014,2014-06-30,2014
TYU2014,2014-09-30,2014
TYZ2014,2014-12-31,2014
TUH2015,2015-04-03,2015
TUM2015,2015-07-06,2015
TUU2015,2015-10-05,2015
TUZ2015,2016-01-06,2015
FVH2015,2015-04-03,2015
FVM2015,2015-07-06,2015
FVU2015,2015-10-05,2015
FVZ2015,2016-01-06,2015
TYH2015,2015-03-31,2015
TYM2015,2015-06-30,2015
TYU2015,2015-09-30,2015
TYZ2015,2015-12-31,2015
TUH2016,2016-04-05,2016
TUM2016,2016-07-06,2016
TUU2016,2016-10-05,2016
TUZ2016,2017-01-05,2016
FVH2016,2016-04-05,2016
FVM2016,2016-07-06,2016
FVU2016,2016-10-05,2016
FVZ2016,2017-01-05,2016
TYH2016,2016-03-31,2016
TYM2016,2016-06-30,2016
TYU2016,2016-09-30,2016
TYZ2016,2016-12-30,2016
TUH2017,2017-04-05,2017
TUM2017,2017-07-06,2017
TUU2017,2017-10-04,2017
TUZ2017,2018-01-04,2017
FVH2017,2017-04-05,2017
FVM2017,2017-07-06,2017
FVU2017,2017-10-04,2017
FVZ2017,2018-01-04,2017
TYH2017,2017-03-31,2017
TYM2017,2017-06-30,2017
TYU2017,2017-09-29,2017
TYZ2017,2017-12-29,2017
TUH2018,2018-04-04,2018
TUM2018,2018-07-05,2018
TUU2018,2018-10-03,2018
TUZ2018,2019-01-04,2018
FVH2018,2018-04-04,2018
FVM2018,2018-07-05,2018
FVU2018,2018-10-03,2018
FVZ2018,2019-01-04,2018
TYH2018,2018-03-29,2018
TYM2018,2018-06-29,2018
TYU2018,2018-09-28,2018
TYZ2018,2018-12-31,2018
TUH2019,2019-04-03,2019
TUM2019,2019-07-03,2019
TUU2019,2019-10-03,2019
TUZ2019,2020-01-06,2019
FVH2019,2019-04-03,2019
FVM2019,2019-07-03,2019
FVU2019,2019-10-03,2019
FVZ2019,2020-01-06,2019
TYH2019,2019-03-29,2019
TYM2019,2019-06-28,2019
TYU2019,2019-09-30,2019
TYZ2019,2019-12-31,2019
TUH2020,2020-04-03,2020
TUM2020,2020-07-06,2020
TUU2020,2020-10-05,2020
TUZ2020,2021-01-06,2020
FVH2020,2020-04-03,2020
FVM2020,2020-07-06,2020
FVU2020,2020-10-05,2020
FVZ2020,2021-01-06,2020
TYH2020,2020-03-31,2020
TYM2020,2020-06-30,2020
TYU2020,2020-09-30,2020
TYZ2020,2020-12-31,2020
TUH2021,2021-04-05,2021
TUM2021,2021-07-06,2021
TUU2021,2021-10-05,2021
TUZ2021,2022-01-05,2021
FVH2021,2021-04-05,2021
FVM2021,2021-07-06,2021
FVU2021,2021-10-05,2021
FVZ2021,2022-01-05,2021
TYH2021,2021-03-31,2021
TYM2021,2021-06-30,2021
TYU2021,2021-09-30,2021
TYZ2021,2021-12-31,2021
TUH2022,2022-04-05,2022
TUM2022,2022-07-06,2022
TUU2022,2022-10-05,2022
TUZ2022,2023-01-05,2022
FVH2022,2022-04-05,2022
FVM2022,2022-07-06,2022
FVU2022,2022-10-05,2022
FVZ2022,2023-01-05,2022
TYH2022,2022-03-31,2022
TYM2022,2022-06-30,2022
TYU2022,2022-09-30,2022
TYZ2022,2022-12-30,2022
TUH2023,2023-04-05,2023
TUM2023,2023-07-06,2023
TUU2023,2023-10-04,2023
TUZ2023,2024-01-04,2023
FVH2023,2023-04-05,2023
FVM2023,2023-07-06,2023
FVU2023,2023-10-04,2023
FVZ2023,2024-01-04,2023
TYH2023,2023-03-31,2023
TYM2023,2023-06-30,2023
TYU2023,2023-09-29,2023
TYZ2023,2023-12-29,2023
TUH2024,2024-04-03,2024
TUM2024,2024-07-03,2024
TUU2024,2024-10-03,2024
TUZ2024,2025-01-06,2024
FVH2024,2024-04-03,2024
FVM2024,2024-07-03,2024
FVU2024,2024-10-03,2024
FVZ2024,2025-01-06,2024
TYH2024,2024-03-28,2024
TYM2024,2024-06-28,2024
TYU2024,2024-09-30,2024
TYZ2024,2024-12-31,2024
TUH2025,2025-04-03,2025
TUM2025,2025-07-03,2025
TUU2025,2025-10-03,2025
TUZ2025,2026-01-06,2025
FVH2025,2025-04-03,2025
FVM2025,2025-07-03,2025
FVU2025,2025-10-03,2025
FVZ2025,2026-01-06,2025
TYH2025,2025-03-31,2025
TYM2025,2025-06-30,2025
TYU2025,2025-09-30,2025
TYZ2025,2025-12-31,2025
